Label,Resource
A1-1A,f6bd57cc-2b6f-27b5-7768-99c9373f25c1
A1-1B,b0bd57cc-2cbd-cd74-5a7a-5d4066540c4e
A1-1C,b2bd57cc-2c5f-c89a-732a-cd1f3c5a8d85
A1-1D,c0bd57cc-2c0c-74c6-4f94-7827544d43d7
A1-1E,c4bd57cc-2bf3-8a04-2d4a-be9ed298d245
A1-1G,0abd57cc-2ba6-6e10-cae0-484927b5b30c
A1-1H,06c50407-92b1-eedc-44ee-f3883e91db03
A1-1J,2ac50407-9448-943c-3306-f88e0b07cbd3
A1-2A,28bd57cc-2bd4-b3a0-c270-f57392677f4d
A1-2B,40bd57cc-2b70-ad50-761b-6b9909d32a63
A1-2C,82bd57cc-2cba-70ba-74ad-7c549a68624c
A1-2D,c2bd57cc-2c53-5a44-c89b-d163bed4d889
A1-2E,0cbd57cc-2c45-69c3-1963-5dbebd384a07
A1-2G,0ebd57cc-2c14-cdda-fb02-0d27c130097f
A1-2H,54c50407-9328-2c99-6a53-57505e719788
A1-2J,e4c50407-930e-f7ab-c449-2e3857370a67
A1-3A,1cbd57cc-2c2c-a3d3-82a2-4f5ecfd53b27
A1-3B,4cbd57cc-2bc9-2c9c-2244-34629e681e10
A1-3C,aebd57cc-2b74-d364-d096-2a237f16a9dd
A1-3D,60bd57cc-2ca2-43a1-152e-c117271a8369
A1-3E,4abd57cc-2c84-b55a-b0c7-a8adcad599ec
A1-3G,16bd57cc-2c87-cbae-5c36-cfbaf720f290
A1-3H,5cc50407-9389-bf0f-7347-f0d6c9a89fdd
A1-3J,06c50407-9378-ca29-6e73-6d9e7eafe7c9
A1-4A,e4bd57cc-2c71-849d-cfa9-c96c102ed006
A1-4B,b8bd57cc-2c1a-3e04-f078-5e115b02fbc8
A1-4C,c8bd57cc-2bc8-28cf-f222-ee8db28f3c23
A1-4D,f8bd57cc-2b9e-bc43-bc99-a26732d836fe
A1-4E,a8bd57cc-2cc9-38f5-8df7-863e70f4bf69
A1-4G,f6bd57cc-2ce0-64b6-ec6f-7b2aab2343c8
A1-4H,5ac50407-93f1-9b98-405b-4f8e8a919aa7
A1-4J,32c50407-93df-5768-62ed-b5b2a00b6cc9
A2-1A,34bd57cc-2d27-b819-bf3f-f0d15ca3c1ae
A2-1B,84bd57cc-2c88-a64b-f013-d994cb27324e
A2-1C,5ebd57cc-2da9-232d-baf6-ba60e15d01d0
A2-1D,c6bd57cc-2d70-195f-5bed-de467ed16663
A2-1E,a0bd57cc-2d3d-0fca-7df1-7a6a82802330
A2-1G,d4bd57cc-2e47-84ea-999d-8f3698c87e39
A2-1H,a8c50407-943d-cdc5-6328-a993a80464cd
A2-1J,48c50407-940c-1a09-74d1-fd6de41c478a
A2-2A,92bd57cc-2ba5-226c-2e29-6f6031fd27bb
A2-2B,10bd57cc-2cd2-4382-efa0-e7842ddf947a
A2-2C,88bd57cc-2dfc-c03c-c074-1247eea56204
A2-2D,d0bd57cc-2db3-11a9-2959-5474c9c085fc
A2-2E,a6bd57cc-2d7a-822e-cf8f-abb547a7a4b9
A2-2G,72bd57cc-2d4a-33ba-635f-7340f1637249
A2-2H,2ec50407-949d-c8b0-6f26-64b2ce8b1714
A2-2J,1ec50407-9462-6d6d-a5ae-21ccd607c66a
A2-3A,c0bd57cc-2bf7-8c06-d7b8-434e0d21dd5f
A2-3B,acbd57cc-2d0f-6e12-8cbb-c3aa04d30c79
A2-3C,56bd57cc-2e48-1562-1819-6d549890c366
A2-3D,88bd57cc-2df7-0f36-3ae6-6dae77a8e591
A2-3E,a8bd57cc-2dc0-db08-c7eb-03cb75929fae
A2-3G,febd57cc-2daa-9562-5821-92409fe47202
A2-3H,b8c50407-9342-ff89-2ec1-b2ff49b4f144
A2-3J,c2c50407-94bc-1a1b-6bce-8d210ec7ade2
A2-4A,e0bd57cc-2c42-b3dc-8a78-378f8f58ccd4
A2-4B,8cbd57cc-2d4f-8753-f3e7-b772a10fe891
A2-4C,18bd57cc-2d2e-004f-443a-9ee2a9f87b2f
A2-4D,3cbd57cc-2e38-9fb1-d9cb-4b7c0464712b
A2-4E,42bd57cc-2e05-73ff-f19c-4b218c4f3e51
A2-4G,3cbd57cc-2dec-6dcc-d788-c2e01334ba38
A2-4H,26c50407-93a8-116e-cc0d-e2611ef30f70
A2-4J,54c50407-9344-79d5-49fe-f937f36a1c38
A3-1A,66bd57cc-2e2e-a5e1-0c9a-6eadbf9cdbca
A3-1B,f4bd57cc-2dd9-ad74-13c2-4c4e597be7d6
A3-1C,3ebd57cc-2e01-616b-45ff-51629171900a
A3-1D,8ebd57cc-2eb6-404e-7f16-30a41788151b
A3-1E,b0bd57cc-2fc4-5555-9e24-e7700d7ffecc
A3-1G,2ebd57cc-2faa-d9d7-8d1c-4ccecf2196e3
A3-1H,fac50407-939b-14fd-1234-d87b137609d9
A3-1J,22c50407-933f-26eb-073f-b5f02b175db6
A3-2A,74bd57cc-2e73-f0d9-6394-813117ddb8b6
A3-2B,1cbd57cc-2e24-b7ee-b66f-ef8334cd5f4a
A3-2C,8cbd57cc-2e56-e0ae-c178-c8b5e73656f7
A3-2D,aebd57cc-2ef9-f71b-e53b-b0c6afd902f2
A3-2E,1ebd57cc-2eda-e89d-df5f-9b9cab80b430
A3-2G,34bd57cc-2fee-6693-5cba-cf1adf792299
A3-2H,c2c50407-93e0-94b4-30d3-b1895484fb85
A3-2J,22c50407-93a3-7db3-2931-37b06df06c1d
A3-3A,72bd57cc-2d48-8d2d-6426-09b98dbb683f
A3-3B,3cbd57cc-2e7d-7687-c78b-a48a41f116e4
A3-3C,e4bd57cc-2e9a-ec45-8f5e-682a84a48832
A3-3D,88bd57cc-2f3e-7f77-4d84-51a780cefa7f
A3-3E,42bd57cc-2f1e-18b3-6cd2-e5f3f43c3f79
A3-3G,b6bd57cc-2ee4-b964-bb11-e2cb1ddeb039
A3-3H,60c50407-945c-1538-2a4c-a536c674d836
A3-3J,2ec50407-93ff-db6f-e84c-bc258b604d2d
A3-4A,4cbd57cc-2d8d-0dc9-3cee-f7c904eed53c
A3-4B,f4bd57cc-2da1-e0e2-79c2-a6a52af20018
A3-4C,e8bd57cc-2eea-e9fd-73c0-5b1b72686d45
A3-4D,b8bd57cc-2f7d-6999-fe56-da48e2aed895
A3-4E,cabd57cc-2f64-8514-aad3-2ccc673b47fc
A3-4G,b6bd57cc-2f2b-d7f4-b3d2-1962fd952bde
A3-4H,cec50407-94b5-99d6-4ff9-e40d1a36f05c
A3-4J,2ec50407-9462-fd03-e6bc-4a99b9a8df75
A4-1A,20bd57cc-2f6d-a5a9-280d-03ab79575346
A4-1B,fabd57cc-2f2a-c1c5-c155-19a4513b0fc7
A4-1C,e2bd57cc-2f03-7e12-a4e3-a272c974cf80
A4-1D,cebd57cc-3012-7e3e-183b-f6f5985c49f1
A4-1E,7cbd57cc-304b-2db1-f800-735c9b135fcd
A4-1G,60bd57cc-30ba-462a-bf61-347838a5cb8b
A4-1H,b8c50407-94b1-02ea-d93a-65a5d200e971
A4-1J,50c50407-943a-f58f-0621-62222ac3f523
A4-2A,f4bd57cc-2fb1-2595-c3e4-543ef4fe2b61
A4-2B,a6bd57cc-2f73-ea44-8681-9c45a5e6bb83
A4-2C,5abd57cc-2f49-3715-8914-bce6250607b9
A4-2D,50bd57cc-2f6c-4a5a-fa4b-c1446b902ffa
A4-2E,e6bd57cc-308d-6f2a-3c8c-936f58fa33ed
A4-2G,7ebd57cc-30fd-88e7-b755-9603eedd27ee
A4-2H,b8c50407-933a-9b4f-25a4-b5a60a414a32
A4-2J,fac50407-948e-3421-bf33-96e839e0db01
A4-3A,6abd57cc-2ff2-26a3-3854-8d6aa4f052e5
A4-3B,9cbd57cc-2fb2-2164-c50f-c9e2870088ef
A4-3C,8abd57cc-2f8e-340d-8786-ba079075166d
A4-3D,c0bd57cc-2fbb-d850-11f5-18763507f2e0
A4-3E,54bd57cc-3035-eeb0-afe8-3a8ad92774b8
A4-3G,debd57cc-313f-84c6-cd5b-3859d63f5a4d
A4-3H,52c50407-9388-4271-592f-9b3a3f61ed0e
A4-3J,38c50407-94db-f6e5-ff21-29f62cb89d30
A4-4A,96bd57cc-2ee8-b636-07d3-3a299d7fd444
A4-4B,82bd57cc-2ff9-3416-cd05-cde18d631986
A4-4C,0abd57cc-2fd1-52d1-1564-bad6c9699420
A4-4D,74bd57cc-3002-99b0-9607-fefbde33963d
A4-4E,d8bd57cc-3078-1543-0d76-56f4785279a4
A4-4G,08bd57cc-3061-a0cc-0bc8-7ebd4130e8ff
A4-4H,98c50407-93e2-bfd4-e734-5667760c0675
A4-4J,acc50407-9536-eaf2-9165-16ab88462edc
A5-1A,0ebd57cc-30a3-871a-6768-6e02b985b578
A5-1B,70bd57cc-3063-4364-5479-4f121486a8da
A5-1C,ccbd57cc-3182-3bfc-9d6a-e8bbad075e1a
A5-1D,6abd57cc-3144-35de-32cb-2964d0b0547d
A5-1E,c4bd57cc-3109-25f6-037c-0b21fadc263b
A5-1G,58bd57cc-3141-2693-7eea-8b814570c6c3
A5-1H,96c50407-958b-5647-80e1-31bb7159c880
A5-1J,2ac50407-9583-4074-336c-680bfced02cd
A5-2A,aebd57cc-30e1-ecda-af27-4350b2a22aec
A5-2B,f8bd57cc-30a2-bd9e-a9a4-b2d41924b0b2
A5-2C,c2bd57cc-306a-ac4b-9ab0-d0906c8a95a3
A5-2D,42bd57cc-3181-eaf5-2512-faf2f8c28a6a
A5-2E,70bd57cc-314a-e7d5-cb92-4adfa05ef712
A5-2G,c2bd57cc-3193-fc7b-b538-7b9f0e99dbf2
A5-2H,20c50407-95d5-4839-6087-fb89551d8930
A5-2J,74c50407-95d1-f582-26d2-d2eb1f9f9d5b
A5-3A,56bd57cc-3125-c607-d922-d04bc1f08039
A5-3B,9ebd57cc-3101-9239-594a-ddc577f832d6
A5-3C,46bd57cc-30ac-5787-eb95-221a799a8153
A5-3D,3cbd57cc-3082-a942-53f6-ee52d21bf440
A5-3E,6abd57cc-319c-6172-624d-76497353a128
A5-3G,9ebd57cc-31d5-0965-8d61-2e2484a9be63
A5-3H,b4c50407-961f-079f-4fdb-18240c9dc68d
A5-3J,1ac50407-961a-178d-a987-cb2e8321ff6f
A5-4A,42bd57cc-3167-e3ba-9ad9-9677e9f5af3d
A5-4B,b4bd57cc-3141-052f-14ea-ff080b8fec23
A5-4C,6abd57cc-30ff-7430-bc4a-b1ae042c07c5
A5-4D,7abd57cc-30c6-f4fe-6b77-3927d3633f01
A5-4E,bebd57cc-30fe-cb08-b570-1393157f821b
A5-4G,44bd57cc-3226-7cd4-8b09-54baec7c2650
A5-4H,0cc50407-9523-cc80-0bf9-c6dabaa1f09c
A5-4J,a8c50407-965d-8880-cc01-9c6cae037bb9
A6-1A,d8bd57cc-31c5-edca-f7cc-8a30199558d0
A6-1B,9cbd57cc-32cb-81c6-0522-25a67bfc750e
A6-1C,e6bd57cc-32c5-e77a-ba9e-6183e45c38ee
A6-1D,14bd57cc-3275-a7c3-7a52-27d3ebf63b19
A6-1E,d8bd57cc-3240-b420-8694-024273e05223
A6-1G,dabd57cc-321e-4e89-4ee5-0284ce8d102b
A6-1H,82c50407-953c-3573-8a05-cfc0188f5f63
A6-1J,08c50407-9680-44ac-b1ca-22787c60f55a
A6-2A,02bd57cc-3208-ae27-2629-a07d597a0970
A6-2B,c0bd57cc-31de-ce6f-f61c-428c7b23c085
A6-2C,98bd57cc-3307-5d26-cd8d-4313a54e4ee0
A6-2D,cabd57cc-32dc-b48e-8f06-3bf9f2098045
A6-2E,d2bd57cc-3283-9b30-13d9-bd84beec92dc
A6-2G,dcbd57cc-3260-1102-3f00-8c8b4f8064bc
A6-2H,48c50407-959d-fd17-760f-fdb9ca5eaba4
A6-2J,10c50407-9552-fccd-1d14-090318ea1a87
A6-3A,a2bd57cc-3248-b0b0-0a7c-b7dfa3608312
A6-3B,fcbd57cc-321f-ecc8-c339-6154d61b3315
A6-3C,e0bd57cc-31f0-0c8a-805b-6f569097d415
A6-3D,1abd57cc-3321-7bf0-b633-6479cd9d2632
A6-3E,34bd57cc-32c4-fa5f-6fc2-17b55d50c0b8
A6-3G,20bd57cc-32a2-558b-3299-1c5401f2f4ff
A6-3H,9ac50407-95e4-bd9c-4484-8f10af425a08
A6-3J,0ac50407-959e-5428-a7aa-df5811c7e435
A6-4A,20bd57cc-3289-4f9d-28ff-868e2f995efc
A6-4B,a0bd57cc-3263-16a1-029c-70fc319cc36a
A6-4C,3cbd57cc-3234-f401-2717-7f5e316bef0d
A6-4D,68bd57cc-31f9-e8d4-5367-beaadabc1b6a
A6-4E,78bd57cc-3309-17c2-6f62-70f07b977d6d
A6-4G,6ebd57cc-32fb-e38b-19a6-264dde1ac1c4
A6-4H,fcc50407-9634-dd06-f997-9649270742fa
A6-4J,36c50407-95e5-0d34-9aaa-aac498f37c1e
A7-1A,bcbd57cc-3342-6856-3fe7-ad12e59bc4fa
A7-1B,a2bd57cc-3372-51c1-32c7-49a77e39cfea
A7-1C,50bd57cc-33bc-be3a-146c-e5cac300112a
A7-1D,bebd57cc-33b9-521c-efa7-56380d2d6225
A7-1E,38bd57cc-3378-2e4e-de14-bb587b72d6c2
A7-1G,9ebd57cc-348d-b65c-b9c2-96d5dad5dbef
A7-1H,1cc50407-9632-8606-f236-0bfe7e05c3c8
A7-1J,dcc50407-9619-e6eb-6479-65b4436e66f4
A7-2A,86bd57cc-32a2-a47b-8ed7-4577b384e420
A7-2B,acbd57cc-33b5-e79a-6347-c48c901a9a00
A7-2C,1abd57cc-340c-634a-b7d6-99645ddd5010
A7-2D,88bd57cc-33ff-83e4-2182-f7fb192fb08f
A7-2E,2abd57cc-33bb-6de6-f224-96b35efadf0e
A7-2G,cabd57cc-338d-4012-9a37-8964788ead29
A7-2H,50c50407-967b-3167-333a-dedc128fd08f
A7-2J,8cc50407-968d-79dd-a9c2-9a9024fb3a23
A7-3A,3ebd57cc-32e6-69de-fa31-8851784f92b2
A7-3B,80bd57cc-3337-6267-c975-2ba884559cce
A7-3C,32bd57cc-344d-8591-cf0c-41133ed92e85
A7-3D,68bd57cc-3443-e301-7a6a-dafac4ac1745
A7-3E,98bd57cc-3404-2309-1fd7-83e579d67cbe
A7-3G,3cbd57cc-33cb-f18f-d04f-8a7e33e4c523
A7-3H,9ec50407-956d-4271-fe71-5dac88509722
A7-3J,08c50407-96f3-08d6-f636-0f3376597688
A7-4A,22bd57cc-332f-951b-27c1-d9699e2e7089
A7-4B,5ebd57cc-337c-02d3-2576-e8f7c3108c6c
A7-4C,42bd57cc-3374-8576-243e-1ae163c9bfae
A7-4D,26bd57cc-3486-856f-e24b-c29affeb5454
A7-4E,18bd57cc-344a-b562-14b3-29697f104fa9
A7-4G,0cbd57cc-340f-f345-3a84-3138c3f74319
A7-4H,7cc50407-95c7-a2f5-9924-4acf56667f1f
A7-4J,4ec50407-956e-d813-f6b3-d80966d8fcc4
A8-1A,b0bd57cc-3458-e5a5-cea1-799d023ad5e7
A8-1B,00bd57cc-343b-a290-2504-e5081d4af24f
A8-1C,3ebd57cc-346a-efd6-3b6f-77818f1422c6
A8-1D,b8bd57cc-34bd-714e-36fe-d4c9dfbc1f73
A8-1E,b8bd57cc-3684-5912-7fd4-0f172a03dc4f
A8-1G,98bd57cc-35bf-425b-b010-ff16da775b4f
A8-1H,40c50407-95dd-76a1-ce1b-6c807168b27c
A8-1J,1ec50407-96c1-f1ce-65fc-04dadc9efe51
A8-2A,cabd57cc-3499-7191-80d1-3eb81048ce69
A8-2B,50bd57cc-3488-c433-cba3-1ed9b6dc6f7c
A8-2C,b8bd57cc-34b1-f5c1-76fa-67a18e9cc4d8
A8-2D,68bd57cc-3517-099d-159e-106552a6d86d
A8-2E,18bd57cc-34f3-0e47-cfbe-33371c2a3d0b
A8-2G,1ebd57cc-3602-98e6-da1e-ed83a24872e4
A8-2H,36c50407-9621-6679-47b5-bc3100bcd81a
A8-2J,c0c50407-9728-b68a-8c12-e051e9ab786d
A8-3A,1ebd57cc-33b7-a7e0-2974-c0510e10e6ed
A8-3B,18bd57cc-34cd-0e77-232b-bb47d7ea83b7
A8-3C,62bd57cc-34f5-4c55-1937-2595811a1489
A8-3D,a2bd57cc-3559-e527-6521-7a99db3c3555
A8-3E,3cbd57cc-3536-f88b-e227-002a33a76f36
A8-3G,86bd57cc-3500-b248-4120-eac52a55bea8
A8-3H,4ec50407-966e-07f3-cde4-01409d0494f3
A8-3J,64c50407-9772-b063-dcd3-7848d41b8464
A8-4A,9abd57cc-33fa-0325-86a9-2446074ea130
A8-4B,b6bd57cc-3429-798f-323a-6b5b4dd330d1
A8-4C,32bd57cc-3535-ef64-6773-879e07433839
A8-4D,a6bd57cc-363a-a2b2-5c46-9647c63e4a93
A8-4E,1ebd57cc-3576-10b9-4134-8af4445fd58c
A8-4G,e8bd57cc-3543-8832-678b-4d3313166e95
A8-4H,9ac50407-96bd-a282-9bbe-3857075b8d89
A8-4J,e0c50407-97ba-c701-b41f-6f595f1f39c0
A9-1A,c4bd57cc-3585-a89f-fb9a-16b2d5a9473b
A9-1B,c0bd57cc-355a-b89b-5f52-967bb80aa87f
A9-1C,98bd57cc-354c-72ed-9141-5c5e33a4d66e
A9-1D,c0bd57cc-3658-6308-dfb5-4be5c18064cc
A9-1E,d6bd57cc-369d-9bee-febe-3bb8f2462394
A9-1G,16bd57cc-36f3-553b-f441-84eb33b92e75
A9-1H,20c50407-9803-41b6-162a-ff594a86c6ab
A9-1J,a4c50407-97d8-97c0-53b1-77bf163740b9
A9-2A,a2bd57cc-35cb-0d44-2a25-43aae2ad8f6e
A9-2B,dabd57cc-35a4-3457-6eb2-00303b89bbdf
A9-2C,06bd57cc-358e-1cd6-4554-cccaab1da29d
A9-2D,8cbd57cc-35b5-c064-937d-1fec40079f2a
A9-2E,9abd57cc-36e0-6d00-945b-2db923bcc65f
A9-2G,a4bd57cc-3738-4c66-83cc-9afb3b69526e
A9-2H,9cc50407-96f0-3194-45db-2b6173a3cbf3
A9-2J,50c50407-982a-5481-8a60-7a1c51bdd1e9
A9-3A,16bd57cc-3609-ba05-3341-f6872c41aa97
A9-3B,6ebd57cc-35e5-44a7-6267-0002372069b8
A9-3C,a2bd57cc-35d0-43d9-e983-7def8cd39f13
A9-3D,80bd57cc-35f7-f54d-bca3-a357d95793cf
A9-3E,b4bd57cc-366c-da5f-45e2-f00a7ad0addd
A9-3G,9abd57cc-3788-b127-e388-354c39956008
A9-3H,8ac50407-9740-6331-fccf-19a6029a5c60
A9-3J,1ac50407-970b-0d10-5ee2-19eb0ea42089
A9-4A,10bd57cc-3510-032a-e409-4de3d5f18508
A9-4B,90bd57cc-362b-f20e-2dc1-a6130344d7c2
A9-4C,7cbd57cc-3616-49d6-2a7a-df282d4b98ff
A9-4D,3abd57cc-363e-1546-5c1a-b2526c1cca28
A9-4E,94bd57cc-36af-4a34-fe02-1be075d35292
A9-4G,a4bd57cc-3679-ae32-ccda-1ed3cedfee81
A9-4H,d4c50407-9789-d45d-b8dc-a95950ac2c24
A9-4J,7ec50407-9754-7527-802c-5f132b73dcfd
A10-1A,78bd57cc-36b6-af08-f164-8a7c09efb67d
A10-1B,bebd57cc-36b9-9512-babc-ec02d1b15af4
A10-1C,6abd57cc-37d2-1073-beaa-8d41ed3f8349
A10-1D,32bd57cc-37a8-f1a4-6e32-e53ac6ad90ac
A10-1E,72bd57cc-3788-313f-ae9e-947708a5a84f
A10-1G,f8bd57cc-379d-aee6-1fa2-b5431657af87
A10-1H,4ec50407-979e-eae3-b552-f0c37f6cfd79
A10-1J,08c50407-9778-9d7e-27f2-47a79e3897c7
A10-2A,7cbd57cc-3711-4024-808d-f54d46e5623b
A10-2B,a2bd57cc-36fd-5ed8-efe1-a2348ce7434e
A10-2C,20bd57cc-36d2-f99d-a31e-dfee5fd494c9
A10-2D,debd57cc-3808-42d5-2b8f-941d78cd1a30
A10-2E,6cbd57cc-37cf-2673-4a6c-c5493d8f720d
A10-2G,cabd57cc-37f3-64a3-5be4-944fd70cddfc
A10-2H,50c50407-97ea-3304-1fa2-037b66e7d096
A10-2J,16c50407-97d3-a848-e8bc-1901401a35e1
A10-3A,4ebd57cc-3753-c02b-7e89-78704a674b3e
A10-3B,b0bd57cc-373c-966a-4934-a7a4e7d410a7
A10-3C,ecbd57cc-3712-0dba-1c26-7fe095668f98
A10-3D,a8bd57cc-36f4-bb7d-07c6-eab0a4f2ea21
A10-3E,14bd57cc-3813-6ef5-6cd9-06ba0415dda6
A10-3G,24bd57cc-383b-19c9-f47d-899eda82ab1e
A10-3H,e0c50407-9836-be2c-6fb9-48e77ce69a2a
A10-3J,fac50407-983e-4ee6-b112-34e1cda0d6c7
A10-4A,34bd57cc-3792-0dc9-e400-9a6268c7042c
A10-4B,52bd57cc-3792-f26f-11fd-884ec8485ce3
A10-4C,1cbd57cc-375a-78e7-8592-370075882e9d
A10-4D,aabd57cc-3735-4de6-3d1d-71128fcbcfbe
A10-4E,98bd57cc-3755-627f-0795-961bca04768e
A10-4G,74bd57cc-387f-ce00-de3c-f7910334d609
A10-4H,90c50407-971b-643a-4e70-1772cc78639c
A10-4J,c8c50407-9886-6ae1-0834-acedc966bd19
A11-1A,6abd57cc-37f8-92f2-4b40-0bc7e33bcc25
A11-1B,acbd57cc-3909-2885-83fb-a2a1faf589ee
A11-1C,1ebd57cc-38c8-9547-10f4-3554117f52f9
A11-1D,f0bd57cc-38e3-8eae-0994-14c11e030abc
A11-1E,2cbd57cc-38c7-de6b-45de-efcf50b21d1e
A11-1G,d6bd57cc-387e-1d6c-faab-176bd5b3af1f
A11-1H,2cc50407-9746-1118-02f2-1eb4327bee9f
A11-1J,60c50407-98a5-460b-151a-47ea0b3bb89f
A11-2A,e6bd57cc-383b-7440-7e82-0e30138a1188
A11-2B,f8bd57cc-37fd-a431-eb5f-f4340751965a
A11-2C,0cbd57cc-390c-65e3-b924-6d763216033b
A11-2D,08bd57cc-3926-8ce3-0db6-6d10210b10b9
A11-2E,32bd57cc-390b-5c02-f545-43ef9c734a0c
A11-2G,78bd57cc-38cf-9c2d-740f-c79bb9c22b43
A11-2H,cac50407-97b5-8dfb-d6c8-b2cd0ca95c1a
A11-2J,d8c50407-977a-9e53-23e9-a0c5747decca
A11-3A,08bd57cc-387f-923f-8654-dfdbd261fa4d
A11-3B,68bd57cc-383d-ec0f-2a77-e35e169b59be
A11-3C,12bd57cc-3853-937e-38e6-8058f19d7752
A11-3D,42bd57cc-396c-427c-0bf5-d137aea3bd5e
A11-3E,9cbd57cc-3951-782b-f374-f502c8188adc
A11-3G,b2bd57cc-3921-bb87-e2ed-e7e091fcd74c
A11-3H,cec50407-9801-c975-1dfb-18cf3b3385f6
A11-3J,eec50407-97d6-eb40-2f85-53cb538f5e1d
A11-4A,84bd57cc-38c6-9215-8dfc-9a7cdd1950eb
A11-4B,d8bd57cc-387f-fb1b-e7b8-7e9f8e9b5817
A11-4C,28bd57cc-3896-437d-9c7d-7a7c96521432
A11-4D,d0bd57cc-387d-5e4d-9286-56caf07308c3
A11-4E,16bd57cc-3997-6e7d-995c-b17f48fda945
A11-4G,18bd57cc-3966-6133-d33c-6b7c10f90191
A11-4H,2ec50407-985c-0ea0-2fb1-b6edb8b0affc
A11-4J,04c50407-9820-3033-1440-d06946466300
A12-1A,e6bd57cc-39b1-7df3-c4ee-0d43a8e28147
A12-1B,acbd57cc-39c2-ccd6-3156-5810ffef1369
A12-1C,5cbd57cc-3a19-625a-22d4-26250d980ef1
A12-1D,2cbd57cc-39ea-57b8-1265-c441f41023f4
A12-1E,18bd57cc-39f5-c0ae-d3c9-f6d2b1b948af
A12-1G,28bd57cc-3b29-5400-7712-84f187d882e6
A12-1H,5ec50407-986f-9fa2-f92f-b0333e6004cc
A12-1J,d6c50407-992a-ad04-3126-e200f18b4c54
A12-2A,f0bd57cc-38f1-1a71-b6c7-6910c2ccf196
A12-2B,2abd57cc-3a14-4ff9-28b2-7d782617fd28
A12-2C,eabd57cc-3a59-ac93-110d-3dd94668e86b
A12-2D,3ebd57cc-3a2c-47df-98f3-3b79a86a79f8
A12-2E,d2bd57cc-3a55-c5a8-c2af-5c05468c36fd
A12-2G,08bd57cc-3a0c-54e8-86a9-44d5e8b08354
A12-2H,c0c50407-98b6-7740-aa2d-830992a69711
A12-2J,28c50407-9986-4826-2de3-e6c7aed8eb87
A12-3A,64bd57cc-3933-302f-f6f0-9cfecb2a9b5b
A12-3B,32bd57cc-3984-1ee0-ef2f-a5c14f33493d
A12-3C,babd57cc-3a9e-3c7b-9f16-77e78caf2237
A12-3D,e6bd57cc-3a78-eba6-11c1-9a7ae7817748
A12-3E,c4bd57cc-3a9f-218c-0f53-65839aeb85ec
A12-3G,fcbd57cc-3a4f-5002-4f00-2f4fee32d296
A12-3H,44c50407-988d-1fea-c98e-7a04b07fb79c
A12-3J,96c50407-99cf-91ea-2712-af7f00f9a733
A12-4A,96bd57cc-397f-41a3-3ff1-7b8da956e082
A12-4B,0abd57cc-39d3-ea2d-c30f-89268f6d0fb7
A12-4C,9cbd57cc-3985-c061-4886-aa13ce7be292
A12-4D,40bd57cc-3ac5-8943-87f2-0665dd9353dc
A12-4E,02bd57cc-3ae3-42af-e8c9-643d92b533fc
A12-4G,68bd57cc-3a97-9459-102c-dc0e9aeb2b54
A12-4H,82c50407-98db-70c2-7298-cbae56021d79
A12-4J,46c50407-98bf-d24c-fd8d-f5143b6d58e0
A13-1A,08bd57cc-3ada-ebcf-b71f-dbef04c97601
A13-1B,e4bd57cc-3ab3-9501-a486-f38ee7d68fe3
A13-1C,54bd57cc-3ad2-ea57-efd5-730ce5f99678
A13-1D,f6bd57cc-3b10-975d-5506-c6de2b17596d
A13-1E,9abd57cc-3c2a-1aa2-3606-035cd0392017
A13-1G,76bd57cc-3c43-583b-6239-f009fb602381
A13-1H,bac50407-990f-ebfc-b375-d0fcea0097c4
A13-1J,cec50407-98c5-6163-2bbf-0acf73db032a
A13-2A,46bd57cc-3b33-ab5e-dd62-c9a42666e031
A13-2B,70bd57cc-3afd-d609-c94f-77828bb1c29e
A13-2C,7abd57cc-3b16-086b-6300-eba7d9b009ae
A13-2D,a4bd57cc-3b59-89a8-37c6-fc64fc77d1cc
A13-2E,82bd57cc-3b36-98c9-1fe9-17c3dfaadbc8
A13-2G,00bd57cc-3c89-6d40-3254-0878cb95eae7
A13-2H,4ac50407-9960-bc43-1464-a454a17e4c1d
A13-2J,e2c50407-9915-14d3-eda3-dadecd316f4a
A13-3A,bcbd57cc-3a28-690a-528a-ff8ddaefeb1e
A13-3B,5abd57cc-3b4c-1257-d426-7b178c91e39e
A13-3C,a8bd57cc-3b6b-128b-6764-37cc34b2f81f
A13-3D,00bd57cc-3b9e-ffd9-5b0e-7c3d40562716
A13-3E,08bd57cc-3bae-8743-8940-87ef3919a6a7
A13-3G,44bd57cc-3b9d-479d-5d2a-b9d05387a269
A13-3H,8ac50407-99a6-fb53-d822-bf1e7e1f546d
A13-3J,1cc50407-995d-5050-4540-44e112bc4ba4
A13-4A,02bd57cc-3a6e-e60d-d1c0-0a54f79d2473
A13-4B,d0bd57cc-3a89-d2ed-69b6-756785986dba
A13-4C,5cbd57cc-3bb5-7d48-ee4d-49eee69db27a
A13-4D,d8bd57cc-3be0-bbee-71d4-23d28957e889
A13-4E,eebd57cc-3bf1-a035-50ec-8a2be4f92058
A13-4G,02bd57cc-3be2-4899-fde0-6e2c0e641323
A13-4H,36c50407-99fb-a52f-5240-ce71959c5545
A13-4J,ecc50407-99a4-aa15-a7ae-e06e08428afa
A14-1A,a8bd57cc-3c25-ad6c-a048-05e937841d12
A14-1B,42bd57cc-3be9-9870-bdf3-0bc7b001b2e3
A14-1C,ecbd57cc-3bbf-cd8a-1ea4-8cd0d4673013
A14-1D,bebd57cc-3cd3-8458-d801-d792f3d94957
A14-1E,fcbd57cc-3cfd-96c3-9165-6a560634feb8
A14-1G,68bd57cc-3d22-013e-c9b2-d8154f78405b
A14-1H,b0c50407-99f0-cdaf-0349-7d3bd5345f92
A14-1J,acc50407-9a03-f607-9530-56355a77c2ae
A14-2A,4cbd57cc-3c67-980a-901b-ef4b5f06f395
A14-2B,78bd57cc-3c39-4748-20aa-f78d7de98900
A14-2C,72bd57cc-3c0a-6fa4-4a7d-4e9aa8d4e5e8
A14-2D,34bd57cc-3c27-5666-5d0c-4f2b1a31f7df
A14-2E,5cbd57cc-3d3f-0b25-7018-e43f9a762f55
A14-2G,c6bd57cc-3d67-b0bd-2bab-307da6e225c3
A14-2H,d2c50407-990d-6e86-fe46-1fb678cf70f1
A14-2J,0ec50407-9a49-8026-40dd-96cf6df2ccdf
A14-3A,4abd57cc-3ca9-f693-d305-fea5e46f18c5
A14-3B,f4bd57cc-3c86-1951-e5e6-5f1532f6e348
A14-3C,babd57cc-3c4a-d348-03a5-19e59418f517
A14-3D,82bd57cc-3c68-9379-3583-50d3db239b89
A14-3E,f0bd57cc-3c9a-3ea0-d754-14222a965363
A14-3G,78bd57cc-3da7-9ac0-700b-acd8a359bc69
A14-3H,58c50407-9967-8050-7d89-3cbd293830fd
A14-3J,00c50407-9960-694c-0718-53d7879aa16b
A14-4A,f8bd57cc-3ba4-7850-9ebb-f3372ceeb30e
A14-4B,acbd57cc-3cc9-39f4-724c-410fd2698960
A14-4C,b6bd57cc-3c8e-274c-41ef-7581ec352387
A14-4D,28bd57cc-3cac-215b-6601-8bdab436f819
A14-4E,68bd57cc-3cdc-0803-a903-a5f5828d27e1
A14-4G,92bd57cc-3d0a-c6c1-5f97-42035dbf4832
A14-4H,2ac50407-99be-fe05-3597-09065930bb88
A14-4J,bec50407-99a9-a54f-82e7-2fa785961be4
A15-1A,78bd57cc-3d50-7b7d-881a-3fbf4a68fc02
A15-1B,6abd57cc-3d27-db01-1e7d-8ee1d4586085
A15-1C,d6bd57cc-3e3c-9b96-f4ef-a24b5112b663
A15-1D,5cbd57cc-3e05-3d6a-3fbd-a68fb7bd2821
A15-1E,42bd57cc-3dd1-ddc7-d27d-14771c421c5c
A15-1G,7abd57cc-3dee-a56d-9fcf-e43bb8973784
A15-1H,5cc50407-99f3-e94b-ad36-c8161c4bf382
A15-1J,34c50407-999e-bc89-dd2c-03ad0781fb0a
A15-2A,c4bd57cc-3d99-a179-2a58-2b2d866410c5
A15-2B,6ebd57cc-3d73-4796-2d88-d695f7d35037
A15-2C,aabd57cc-3d3c-e75a-4461-8a79102642c7
A15-2D,46bd57cc-3e4a-effd-3dcd-3e8871a408d2
A15-2E,80bd57cc-3e3c-3e63-56bc-c4c0a5c79dab
A15-2G,4ebd57cc-3e34-41e4-1da9-f68369125e1e
A15-2H,54c50407-9a38-5074-9f7b-cc7501b2386b
A15-2J,52c50407-99e5-519e-ad7c-135bd3a2ac73
A15-3A,72bd57cc-3ddb-d215-072a-af198229a1ac
A15-3B,f6bd57cc-3db7-263b-ca90-2a5776fa038e
A15-3C,a8bd57cc-3d82-1756-3a44-0a155f65d284
A15-3D,2ebd57cc-3d4b-8d16-273c-5f004f65c34a
A15-3E,dabd57cc-3e89-0423-799f-ca24ebbf09bf
A15-3G,20bd57cc-3e77-0f10-8814-4a6a3aaaf777
A15-3H,dac50407-9a7f-4514-6b57-b894820fb564
A15-3J,bac50407-9a3a-719a-d0ca-c8c374b589b1
A15-4A,eebd57cc-3e28-ba57-beba-4b07336153c3
A15-4B,a6bd57cc-3df9-9f54-d981-6ec46cc92bfb
A15-4C,dcbd57cc-3dc7-5848-47ad-28546230cd4d
A15-4D,66bd57cc-3d8e-9fab-7ed4-54b4facce6fb
A15-4E,92bd57cc-3dab-c2e5-613a-2bb8e0c23eb6
A15-4G,48bd57cc-3ec4-be84-ab9a-c6a6037b9f93
A15-4H,d2c50407-9958-3cad-56f7-88d190316601
A15-4J,88c50407-9a85-47b7-15ee-ac07dae28803
A16-1A,34bd57cc-3e17-1d76-809e-3164fc22d04c
A16-1B,1abd57cc-3f38-ebe6-aaa1-227a681f35a1
A16-1C,6cbd57cc-3f81-3da0-8c98-cab1dd86234d
A16-1D,30bd57cc-3f35-b21b-243e-c6b96f824814
A16-1E,28bd57cc-3f0a-d6ac-5764-f1d564778654
A16-1G,c0bd57cc-3f06-11bf-38ac-4e431975e6cd
A16-1H,40c50407-9a63-177e-2c42-239ff98aec07
A16-1J,2cc50407-9baf-2503-7b81-f46cc3919ca9
A16-2A,0ebd57cc-3e67-2564-45ba-ab94bda2f385
A16-2B,2abd57cc-3ea6-f05e-5abc-be9e85518764
A16-2C,2ebd57cc-3fd0-3cb9-eb7f-23c4f6181c18
A16-2D,72bd57cc-3f86-51f7-cc6a-30aff51664c6
A16-2E,36bd57cc-3f49-41ec-8227-ec514108417a
A16-2G,2abd57cc-3f4a-03f7-0afc-04b5bb75dbe9
A16-2H,24c50407-9aaf-a12f-244e-5fc1c08c7134
A16-2J,fac50407-9a82-3c41-ee90-f6c7f84aa4a0
A16-3A,48bd57cc-3eab-ae20-d8a0-eee8fca7eead
A16-3B,88bd57cc-3eed-18b2-c2a3-9c13f9e1d9fd
A16-3C,d6bd57cc-3ea9-6f9f-30bc-97a22a5bc22d
A16-3D,66bd57cc-3fd0-c527-f6d1-dd5de40e929b
A16-3E,f8bd57cc-3f8a-b53e-3c21-569764b69090
A16-3G,c4bd57cc-3f99-5fe2-37df-f364ba2c75d1
A16-3H,78c50407-9b10-a15d-619b-57119f062291
A16-3J,2ac50407-9aff-a856-6de2-d7c86d4ba794
A16-4A,ecbd57cc-3efb-528b-0577-64cbf6571b54
A16-4B,aabd57cc-3f36-d212-1540-97fe6a117d3b
A16-4C,28bd57cc-3eea-0210-7327-4976836f437f
A16-4D,72bd57cc-3ec1-2262-d483-ae479b2d7077
A16-4E,74bd57cc-3fc7-11bc-e342-1ae7bf95ce9a
A16-4G,98bd57cc-3fd7-b4e4-298d-29987aeeab6e
A16-4H,e8c50407-9b69-4722-247f-3be260133c69
A16-4J,e8c50407-9b4f-7fa5-dba8-9bab369bdd10
A17-1A,56bd57cc-401b-ef99-e6b4-4bdac71514ac
A17-1B,52bd57cc-400b-2e38-2d23-38e0620facda
A17-1C,06bd57cc-403c-a410-63a5-18fc760ac8de
A17-1D,9cbd57cc-4075-14b5-3bb8-9f8e41137eab
A17-1E,2ebd57cc-4043-c19e-2f46-9ac9c435c3de
A17-1G,bcbd57cc-415f-22d8-93e4-3360b3249e30
A17-1H,14c50407-9b95-f688-1ec3-9205ac591701
A17-1J,1cc50407-9b4a-d4fc-3240-918884d2bb93
A17-2A,2ebd57cc-3f33-336e-3923-58b08ce0829d
A17-2B,debd57cc-404d-a34d-973b-cdc7bd856ffd
A17-2C,64bd57cc-4083-0fe9-57a5-b2b04a5cc301
A17-2D,8abd57cc-40b8-30e0-4b62-8c84fcd688c7
A17-2E,82bd57cc-408c-3b42-d977-760b2820b3fd
A17-2G,9abd57cc-4053-f884-ca05-e8eec1bc568c
A17-2H,54c50407-9bee-4131-689d-473746b8f642
A17-2J,ecc50407-9ba6-3d6a-8b38-cb999959115c
A17-3A,e6bd57cc-3f7e-bc70-faa7-c1f31a7a52bc
A17-3B,70bd57cc-3fb1-c7b9-7364-41d7ce1de260
A17-3C,5cbd57cc-40c5-0dcd-c7fa-f70bfb928e40
A17-3D,bcbd57cc-40fd-8138-cd7a-34755fb7799c
A17-3E,e8bd57cc-40d1-184f-f103-e42cf80c094d
A17-3G,f6bd57cc-409b-aef9-e918-f3ac76ccbfb1
A17-3H,72c50407-9ab0-394e-ff73-8049fa4d1901
A17-3J,6cc50407-9be8-48e2-4b9f-736d912325b5
A17-4A,2cbd57cc-3fc5-4547-4644-ae5c6d367785
A17-4B,e0bd57cc-3ff3-c41d-318d-a0c7762b2b20
A17-4C,50bd57cc-4033-3471-487a-fc4ece88a28c
A17-4D,b2bd57cc-4143-12d6-be53-83fa3e9edb8b
A17-4E,24bd57cc-4117-607e-f77c-eab752f163bc
A17-4G,7ebd57cc-40ee-01ae-37b2-c7854ed00859
A17-4H,0ec50407-9b02-8078-f2c3-5afb35779738
A17-4J,eac50407-9ad4-11fe-08f4-1682e1294a94
A18-1A,32bd57cc-4131-549e-20a3-a9c70d7fbba9
A18-1B,0ebd57cc-4130-c048-fffa-bc9b0f7ec7ac
A18-1C,28bd57cc-4107-36c6-23b7-1d23a6a0707e
A18-1D,08bd57cc-4133-a15a-8f77-65211e710439
A18-1E,c2bd57cc-4236-6d23-24db-fe2e89bfb349
A18-1G,3ebd57cc-4293-29ff-0db7-9e6be89cff5a
A18-1H,c6c50407-9b1f-5471-5aa3-db7d48a5e14f
A18-1J,a4c50407-9b08-ff92-d3aa-b49aca5b3642
A18-2A,d6bd57cc-418a-805d-07fc-c80efce95fb8
A18-2B,4cbd57cc-4172-1461-a2b1-453a14161525
A18-2C,6abd57cc-414a-ccc7-1fce-8f53b7f3a80e
A18-2D,0cbd57cc-4176-d967-7da7-c736be228539
A18-2E,5cbd57cc-41b5-dd1c-4532-6b0b267dd598
A18-2G,9ebd57cc-42dc-3580-9309-eb7599d14f34
A18-2H,02c50407-9b66-dae2-82af-fe249d1f7b60
A18-2J,aac50407-9b4e-1398-4413-15c7b6277295
A18-3A,3abd57cc-40a1-f655-013d-1b3616bf092c
A18-3B,0cbd57cc-41b0-b7e4-19c8-cac6321e8f4f
A18-3C,92bd57cc-4198-d622-c6ca-5ba0b5b4f758
A18-3D,9cbd57cc-41b5-2213-7e9d-3143f6d8fe3f
A18-3E,dcbd57cc-4210-573b-70f0-86f0df3bc37c
A18-3G,eebd57cc-41e5-8518-fd8d-e7d282805b02
A18-3H,36c50407-9baa-4fbc-113c-e6a570fbf5a6
A18-3J,e8c50407-9b9b-7508-3d2b-3c6fd18977a1
A18-4A,b0bd57cc-40ee-112b-aa36-2b324f1f0996
A18-4B,2ebd57cc-40c1-ba31-6166-c0fd0274a93d
A18-4C,f2bd57cc-41e0-8c3d-84c4-5562187dd854
A18-4D,e4bd57cc-41f3-3ab0-bf33-57ef0810171c
A18-4E,96bd57cc-4251-ec98-6d55-7ba1f82ffea0
A18-4G,f2bd57cc-4223-8a16-6f7c-e308fdf0dd18
A18-4H,3ac50407-9bf0-260c-4f40-049abe930071
A18-4J,bcc50407-9be0-63c8-3e7a-72b7d9038e61
A19-1A,16bd57cc-4265-e1be-8638-04ccb2a40b00
A19-1B,30bd57cc-424f-21b7-223c-c7f0e54e7aec
A19-1C,02bd57cc-4220-2415-6383-1ccb05141923
A19-1D,38bd57cc-4345-4eba-302d-500e9ff0e254
A19-1E,94bd57cc-4332-9fb2-0feb-5457326fe8d2
A19-1G,d2bd57cc-432e-4545-b3bf-f4ee32594058
A19-1H,56c50407-9c3f-51dd-269d-ff9faeca83d3
A19-1J,0ec50407-9bf3-7978-cc59-c746e70dd202
A19-2A,eebd57cc-42a6-808d-895c-485bbc3a40cb
A19-2B,66bd57cc-4297-2440-ab5b-5914eae83d2c
A19-2C,b0bd57cc-4265-015b-f506-b69708ca77c8
A19-2D,e6bd57cc-4252-63da-42be-054e57387433
A19-2E,4ebd57cc-4375-3cc0-0638-ced8bcfd525d
A19-2G,aabd57cc-4370-ff85-7b5f-99a7daa27fa9
A19-2H,8ec50407-9b0f-8864-5311-16fec2b8b15b
A19-2J,aac50407-9c4a-86f7-7598-fa4cc2d6003d
A19-3A,12bd57cc-42ec-ebfe-74de-47cac991149d
A19-3B,a6bd57cc-42f1-438d-efb5-27908e244449
A19-3C,18bd57cc-42a6-09af-55c9-aeff68584251
A19-3D,dabd57cc-4295-4bba-dced-064d92d472d9
A19-3E,3cbd57cc-42a5-1fa1-f8ea-2e6c48a0daa4
A19-3G,08bd57cc-43b2-0a78-d4f1-3840a2bf2560
A19-3H,86c50407-9b59-1d53-515a-ecf7d99c0920
A19-3J,e8c50407-9c3a-9131-857b-81221d916051
A19-4A,78bd57cc-420c-3505-e3f4-7bbfe0b416f9
A19-4B,babd57cc-4336-8efb-b914-95e6d7923334
A19-4C,30bd57cc-42f3-7d9f-c4c2-aa8bd1647b6b
A19-4D,c6bd57cc-42ec-2362-5888-1d8b6eb27f10
A19-4E,7ebd57cc-42ec-1ec6-9a48-45b89ed1072b
A19-4G,aebd57cc-4348-e326-681f-764759f3b179
A19-4H,bcc50407-9bac-c10b-f208-ef36c1586eee
A19-4J,3ec50407-9c87-4eb2-2eef-04a6dca06a55
A20-1A,e2bd57cc-438a-99b7-c2d7-e782a2eb6426
A20-1B,68bd57cc-4362-1202-cdfa-6ef2b2c3bedd
A20-1C,a8bd57cc-4476-a9be-b7e0-39f653b542a5
A20-1D,68bd57cc-4491-6e47-c72c-9fc4264e0f4b
A20-1E,4cbd57cc-4445-fb82-05ac-1f79c2d3f017
A20-1G,9abd57cc-4425-f526-e88f-782bbf37cccd
A20-1H,64c50407-9ce9-19ee-ed83-a108016dfe40
A20-1J,7ec50407-9ccd-d2ac-9a24-15c2ea3467e1
A20-2A,acbd57cc-43de-6907-0ad5-a3575ff262d1
A20-2B,08bd57cc-43a4-11de-af03-7626f5e50647
A20-2C,fcbd57cc-43b1-0caf-0c77-dc4828a2de4b
A20-2D,f6bd57cc-44ce-70ce-235a-6d710f419281
A20-2E,6abd57cc-4485-e677-80bc-68ab5d24d0d3
A20-2G,54bd57cc-4466-faf2-e5d0-812c05276ead
A20-2H,70c50407-9d40-5abb-ce4e-d56567996b22
A20-2J,b2c50407-9d16-10d7-d320-9a79b380658c
A20-3A,c0bd57cc-4431-1091-1f1c-f51e26fac54c
A20-3B,f6bd57cc-43e6-1147-b1af-cea0df2420a5
A20-3C,98bd57cc-43f4-1a1f-e804-5c4c1f6695a1
A20-3D,44bd57cc-43af-b7b4-7d02-d0e2ab6a4d29
A20-3E,d2bd57cc-44c7-6da7-ed98-6ae62b60dbab
A20-3G,04bd57cc-44a7-f145-135f-a9193544218e
A20-3H,9ec50407-9d8d-33c1-e071-92245303bf7c
A20-3J,8cc50407-9d5d-49a6-d358-61f788ef964c
A20-4A,46bd57cc-447a-9831-ab2f-1dc204576d35
A20-4B,5ebd57cc-442f-599f-8991-be350f55f352
A20-4C,c8bd57cc-444c-f5fe-d552-10bbf818d70e
A20-4D,58bd57cc-43f5-8bab-718a-6db624130da3
A20-4E,62bd57cc-43e3-5233-1319-17eb4c32fe0f
A20-4G,9ebd57cc-44ee-0680-f321-99c948999e22
A20-4H,86c50407-9c85-6c50-2fd0-a645ba724296
A20-4J,56c50407-9da6-4343-c6e3-ecc656db1627
A21-1A,e2bd57cc-4422-bbb3-7d6f-10033fc64056
A21-1B,b8bd57cc-4537-0107-464b-e01db5529071
A21-1C,ccbd57cc-45ca-6d9a-df9c-22feb8d57c0e
A21-1D,a8bd57cc-457b-2ac5-3e07-9c1ce8aa767c
A21-1E,c0bd57cc-4579-18d8-8fd8-49e0c696813a
A21-1G,98bd57cc-453b-218b-cbe5-5cf4b505de60
A21-1H,b6c50407-9c89-6732-8af8-821b3259d9aa
A21-1J,70c50407-9dee-a635-89c4-09e16672733f
A21-2A,1cbd57cc-4464-1395-e720-33f55cd5a3d4
A21-2B,38bd57cc-44ed-9ceb-a5d9-a15836248628
A21-2C,debd57cc-462e-c4d4-928e-8d2a664a7de7
A21-2D,76bd57cc-45c2-28e4-8951-85c1c12edf91
A21-2E,78bd57cc-45b9-8d36-780a-ac9d3b1b1c05
A21-2G,26bd57cc-457f-e8c1-97a7-30b166cd3462
A21-2H,d4c50407-9ce8-72d5-47e5-ae4e4fd80908
A21-2J,3cc50407-9c8c-9abb-e856-09f0f340b15a
A21-3A,4cbd57cc-44a7-38fb-4c42-5de679f1ed4c
A21-3B,d0bd57cc-453c-4bbb-820f-e4f260f2e5af
A21-3C,ccbd57cc-44ed-d1a3-f043-f13493101e3d
A21-3D,d0bd57cc-4605-63a8-947f-dd14f863cde2
A21-3E,14bd57cc-45fc-0694-58c1-af4eacf3e0cf
A21-3G,4ebd57cc-45bf-961f-e73c-ddbcc0394797
A21-3H,a0c50407-9d57-aa8d-b90c-76ddc2f7697a
A21-3J,90c50407-9ce6-089e-7bd3-78b1450c20e3
A21-4A,84bd57cc-44eb-f521-fafa-25d11a8877c1
A21-4B,82bd57cc-4587-719a-1e7b-366cc582391c
A21-4C,40bd57cc-453a-01ef-b8d4-da27d16d00e2
A21-4D,1cbd57cc-4539-d716-ab04-38726958ed86
A21-4E,7abd57cc-463b-ac52-9df1-2a6ebf7fe250
A21-4G,febd57cc-4601-b216-87c9-1dcd00dcea17
A21-4H,cac50407-9da3-ffcf-dfc6-c7ef1c214077
A21-4J,5ec50407-9d30-07ac-933f-bbf99aa83b92
A22-1A,10bd57cc-464d-5a91-d2be-11726372bd09
A22-1B,7cbd57cc-4648-7ac1-0dff-86270947c0bf
A22-1C,14bd57cc-462a-bc78-9acd-38c30cd17d32
A22-1D,e0bd57cc-46af-bdbb-184b-ff612c4f4b37
A22-1E,46bd57cc-469d-0fdc-c6ce-8ee2282cb47d
A22-1G,d2bd57cc-47cc-d44b-af5f-29a8633459e5
A22-1H,4ac50407-9d7d-b24b-a4b8-6f0733f61396
A22-1J,e4c50407-9d71-529b-0cf2-73c8e21705b3
A22-2A,34bd57cc-455c-49ae-3ad9-e3d739b90e86
A22-2B,08bd57cc-4690-a4b5-05bc-362347dde073
A22-2C,60bd57cc-4678-7f64-3c9d-d2da2277dec8
A22-2D,80bd57cc-46f7-74c4-67b0-30c98058d173
A22-2E,e6bd57cc-46dd-9d65-1418-8aa37890af6b
A22-2G,1ebd57cc-46a8-b1a0-9b4a-b83a66bc644d
A22-2H,dac50407-9dcb-0edd-98d2-1a79cfcf6829
A22-2J,8cc50407-9db7-e6e5-4562-2c6ba58f2ae1
A22-3A,eabd57cc-459f-5c08-77db-22e1fc0b66a5
A22-3B,c8bd57cc-45a4-8a16-ab9b-e696ce79200d
A22-3C,cabd57cc-46c9-b9a5-f87f-18322bdda14e
A22-3D,f8bd57cc-473b-961c-449f-28d53b92cb10
A22-3E,3abd57cc-4735-b77d-8b04-452e93f114bf
A22-3G,36bd57cc-46fd-8337-86f5-257899661f99
A22-3H,d8c50407-9cd5-6215-8a1b-dc6189d25788
A22-3J,fac50407-9dfb-9fca-8df9-d1e2cd8a4031
A22-4A,2ebd57cc-4603-2461-a4fc-d70191e86755
A22-4B,f2bd57cc-45e4-f181-6967-701a0a49eae3
A22-4C,80bd57cc-466e-d98b-a681-40de3a0ca7ae
A22-4D,2abd57cc-4784-3992-728c-a62fb5c16085
A22-4E,24bd57cc-4779-232e-1e8d-f1ecddd67fd8
A22-4G,66bd57cc-4759-5d1d-0102-94c98aa1d566
A22-4H,c0c50407-9d1c-8744-bfc6-227b6e5b7709
A22-4J,02c50407-9d15-6c0b-b3dc-c873a91faff7
A23-1A,82bd57cc-479c-79ec-c3c5-7948a96577d3
A23-1B,a0bd57cc-4768-06e7-f168-6e5b64d2bf86
A23-1C,a4bd57cc-4751-baf0-211b-d67989c25d3f
A23-1D,32bd57cc-4744-92ae-36fc-6149890daf28
A23-1E,fcbd57cc-4858-397f-2302-a08f52c55646
A23-1G,3abd57cc-48c1-1fc2-69eb-76a6826847a5
A23-1H,a8c50407-9d68-fb08-5f0b-79de2800dfc7
A23-1J,7ec50407-9e24-44af-ea4c-63baaae61efa
A23-2A,e8bd57cc-47e7-64d2-a976-aeb770da141e
A23-2B,08bd57cc-47aa-9a4b-9912-264ab0e7fc61
A23-2C,c0bd57cc-4793-25c2-e43d-717c290a19a3
A23-2D,3abd57cc-4787-4a6a-96e4-3aba8187ae43
A23-2E,b8bd57cc-47fe-5598-046f-e419b5017f1e
A23-2G,92bd57cc-4903-c9a2-d851-fd9e18d1a481
A23-2H,58c50407-9daf-9825-4f32-ae4f62e0d0d6
A23-2J,f2c50407-9e7d-115e-6a33-a7f7a872e00e
A23-3A,84bd57cc-46c7-7912-659d-79aa8ce5149d
A23-3B,04bd57cc-47f1-1566-6cfe-e5be04ad310d
A23-3C,44bd57cc-47d8-c5f6-79ce-78ccacd4b024
A23-3D,1abd57cc-47c8-777c-1c60-8cd969158749
A23-3E,d8bd57cc-4840-ddce-f5e8-3b4c9bd4ab06
A23-3G,acbd57cc-483b-35e8-c657-96295bdec2a4
A23-3H,4ec50407-9e03-a555-3a9d-2bf3774c514a
A23-3J,dac50407-9ec6-7ee1-c50b-413375335d47
A23-4A,d4bd57cc-4718-7cb1-805d-8944a0ec102c
A23-4B,fcbd57cc-470a-77c9-42c4-5853a68136f2
A23-4C,60bd57cc-4820-286a-4efd-f691d6aef61e
A23-4D,5cbd57cc-4814-ad2d-f900-33ae10ef1d2b
A23-4E,74bd57cc-4880-e9e1-f08c-d3a4cd68ad12
A23-4G,50bd57cc-4885-abf7-45b7-f3f29f34311c
A23-4H,2ec50407-9e47-246c-b49b-dd2d896e5b0f
A23-4J,96c50407-9f0e-0361-96c2-9fbce4f33e3f
A24-1A,32bd57cc-48c8-1cc7-0e97-eedee61cecf0
A24-1B,34bd57cc-489c-6673-4d76-21739a44948f
A24-1C,56bd57cc-485e-61e5-c5c0-1358a4846ef3
A24-1D,5abd57cc-4972-c6e1-6697-f5dae4290fa8
A24-1E,d2bd57cc-495f-1f7f-c816-a27298dfbabe
A24-1G,a6bd57cc-4951-b7f0-51a2-ae2b2039de2b
A24-1H,ecc50407-9f6e-aabe-f31a-1196ee8524c4
A24-1J,74c50407-9f1f-52e6-866e-7cec95c2d04a
A24-2A,eebd57cc-492b-f94d-7608-7673cc3b797a
A24-2B,68bd57cc-48df-010f-b9ae-6b75a9558327
A24-2C,1abd57cc-48a7-6591-0b69-5f8b51b1105e
A24-2D,b2bd57cc-488e-452b-1739-666917bba786
A24-2E,7cbd57cc-499f-eaca-36ed-83cc213edc3c
A24-2G,a4bd57cc-49a0-fa33-84fc-799d9af5c2f6
A24-2H,50c50407-9e32-6ef1-134c-a76ded45bd1a
A24-2J,fec50407-9f81-4a54-1812-26d169451944
A24-3A,3cbd57cc-496f-703a-b4ba-d12f950d79e7
A24-3B,dcbd57cc-491f-f5ef-3872-9a0db63c53d3
A24-3C,eabd57cc-48f3-46e4-8c5d-48d652534e39
A24-3D,fcbd57cc-48cf-c212-be1e-0fa5a6334c72
A24-3E,5ebd57cc-48cc-8a33-769d-495b6fa66d56
A24-3G,e0bd57cc-49e2-8ed2-2ff3-51466cba5160
A24-3H,96c50407-9e8a-45b4-453d-92b5a53d92ba
A24-3J,4cc50407-9e58-0e94-730d-c3af1ccc792e
A24-4A,52bd57cc-4857-e4b8-7019-45ebf95bf5ad
A24-4B,f2bd57cc-4961-3bed-c46a-b06d180313f9
A24-4C,56bd57cc-4933-18b6-7e74-5a83850c0337
A24-4D,10bd57cc-4910-5d60-761e-318cd81c062b
A24-4E,0abd57cc-4911-da1e-a379-93c0787a480a
A24-4G,b4bd57cc-497b-b139-11d5-76f2020176a5
A24-4H,60c50407-9ed4-402f-0248-87e2462959dc
A24-4J,44c50407-9e9c-fc3b-9f71-6f6fd7c2f955
A25-1A,2cbd57cc-49ba-2811-7079-074536170af2
A25-1B,8cbd57cc-49d9-b25f-f268-16f8fd6a3603
A25-1C,28bd57cc-4ae8-d878-9367-b6dfb99332fb
A25-1D,1ebd57cc-4aaa-8d5a-e5ca-9dc16a84dd8d
A25-1E,16bd57cc-4a74-7541-34a9-64a386e24500
A25-1G,dabd57cc-4a62-4c01-c0a2-e85fc5f47177
A25-1H,e4c50407-9ee4-1c32-5350-f12352971726
A25-1J,62c50407-9eda-936d-2779-cae8c71b3695
A25-2A,04bd57cc-49fb-5c13-2b3a-6a80fc707261
A25-2B,90bd57cc-4a23-fcc8-5b9e-b4b68ee66839
A25-2C,d4bd57cc-49de-b9f6-d762-bb82637caf4f
A25-2D,dabd57cc-4aed-3a7d-286e-8e7f5d814947
A25-2E,debd57cc-4ab7-4c04-7144-0a9af007b656
A25-2G,b6bd57cc-4aaa-aca5-29d2-208dc5cca0d5
A25-2H,c0c50407-9f2e-cb4e-544a-380f7acf98bb
A25-2J,78c50407-9f21-af03-b5f9-a878b070ca14
A25-3A,fcbd57cc-4a3c-c9b0-ddc1-482c76fee1ca
A25-3B,1abd57cc-4a64-85ec-cebc-d44d287cbc12
A25-3C,12bd57cc-4a27-fc08-a03e-0c04061b6b40
A25-3D,0ebd57cc-49ee-3017-671e-fee3ae5a6210
A25-3E,f2bd57cc-4af9-8a6f-ba8b-f97914f3a17a
A25-3G,2abd57cc-4af7-268d-d81d-d60f7416a302
A25-3H,08c50407-9f73-a8e3-71fa-e19515be5be1
A25-3J,5cc50407-9f67-05c0-ec8f-681004a9b5bc
A25-4A,92bd57cc-4a7e-f49b-e6a0-23ac021df5bc
A25-4B,5abd57cc-4aa6-0acb-cb02-980633ad22b5
A25-4C,febd57cc-4a69-3dfb-8eba-cc679edfe0f9
A25-4D,44bd57cc-4a2e-de8e-6367-73113d510323
A25-4E,32bd57cc-4a13-ea5c-0893-e35d11034631
A25-4G,32bd57cc-8d08-d387-7d72-c233dba422ea
A25-4H,eac50407-9e7b-a777-1601-4001eece16b3
A25-4J,08c50407-9fb2-8864-7966-ca25e97d0996
A26-1A,66bd57cc-8d53-28b4-4014-54e2baa9defb
A26-1B,b0bd57cc-8d5f-4bc1-8c97-82c3305110b5
A26-1C,0abd57cc-8ed2-0423-6827-7a379b728417
A26-1D,f6bd57cc-8e50-4acf-f2c1-7ab60433b01e
A26-1E,92bd57cc-8e15-7782-9e71-dfd2c525d356
A26-1G,3cbd57cc-8dce-4980-289c-0959c969af83
A26-1H,34c50407-9e88-2dba-fa09-0d2323eea1d7
A26-1J,b2c50407-9fbe-cf7f-7a6f-4e8f8cb5ee89
A26-2A,56bd57cc-8d9b-0bf8-a146-0eeeca7ce142
A26-2B,40bd57cc-8db9-2028-e31a-cfeaffc113d9
A26-2C,b4bd57cc-8d5d-668a-de2a-c5355b624681
A26-2D,debd57cc-8eab-be09-dfd6-204043306699
A26-2E,d0bd57cc-8e67-dd5b-9fb1-4db129a918b0
A26-2G,d0bd57cc-8e29-2082-d716-b070bcf8f7cc
A26-2H,6ec50407-9eca-e6b8-7600-5c671bf6421d
A26-2J,9cc50407-9ed4-5482-a7d5-11cdca0a406f
A26-3A,62bd57cc-8ddf-2205-e764-5b85df801216
A26-3B,48bd57cc-8e11-cc77-eab9-c89a4bb11a45
A26-3C,d4bd57cc-8db5-006e-b054-c667bdbbfc6b
A26-3D,2ebd57cc-8d5f-4a68-5746-ab9ef9955d15
A26-3E,42bd57cc-8eac-0cbe-1b15-3b4291c31fde
A26-3G,2abd57cc-8e6b-ecb8-48b8-f74588062013
A26-3H,fcc50407-9f14-d396-874f-647bd7f72ccd
A26-3J,a0c50407-9f2d-6de7-0153-e12d80557f5e
A26-4A,46bd57cc-8e27-8d6a-e614-b293c6d1da86
A26-4B,68bd57cc-8e70-16bd-e802-e87f71dbc262
A26-4C,58bd57cc-8e0d-ec79-a56c-ec311fad9fa7
A26-4D,9cbd57cc-8dba-3c2b-a812-b3ddfe316c3b
A26-4E,c6bd57cc-8d5d-af78-de24-a003c60b31d3
A26-4G,c6bd57cc-8eb7-7565-653a-3c15bc2c798c
A26-4H,1ec50407-9f60-160b-68d2-5da7c289e052
A26-4J,ecc50407-9f71-371e-7fae-0a6355fd72b2
A27-1A,c4bd57cc-8d68-f690-1062-89b68d1f1628
A27-1B,54bd57cc-8ec4-da70-b06b-1834fa2de7b4
A27-1C,40bd57cc-8f89-e8a2-6c70-9895652f7dee
A27-1D,dcbd57cc-8fb5-245e-8e4d-48dc032a6017
A27-1E,fcbd57cc-8f88-d259-bebd-ff8b72706556
A27-1G,3cbd57cc-8f35-41e3-ed39-a18459ab3096
A27-1H,82c50407-9fb4-e50b-79d6-8db7b6304fe9
A27-1J,12c50407-a0a4-b62c-ef03-8f3d0bbaf24e
A27-2A,b6bd57cc-8dbb-7fef-3eca-44f4d34108db
A27-2B,ecbd57cc-8ea7-af0e-28ce-3f2a518cb23a
A27-2C,2abd57cc-8feb-779c-89c4-c475710a1d76
A27-2D,68bd57cc-8ff6-d71e-c6ef-e06eab9c22cb
A27-2E,44bd57cc-8fc9-053a-3396-9312ff74b58e
A27-2G,06bd57cc-8f89-6e82-3915-0787b2b6a0a8
A27-2H,54c50407-9ffd-0bc0-72df-87ca52755e3f
A27-2J,88c50407-a0ed-cffb-33de-1eb65d93fae3
A27-3A,8abd57cc-8e1d-3fec-f1dd-f4bb67b5b56b
A27-3B,54bd57cc-8ef6-d5a3-e4f0-08e2901b0fff
A27-3C,a4bd57cc-8f19-c14f-cd70-7b6e40f95750
A27-3D,aebd57cc-9046-2fd3-1dbc-dcba811901b5
A27-3E,80bd57cc-9010-6531-6d61-204a3ed8e970
A27-3G,d2bd57cc-8fcf-e3dd-faf3-723c5f3ea25a
A27-3H,a4c50407-a001-1337-6e64-af19c317314c
A27-3J,74c50407-a144-5f48-9536-88441d8721d4
A27-4A,20bd57cc-8e70-9473-429b-8a02c2aef229
A27-4B,b4bd57cc-8f37-700c-bc96-ce956461f32e
A27-4C,90bd57cc-8f6b-4313-91d7-9649e0b19096
A27-4D,e4bd57cc-8f38-6995-4b17-8ff7949a9bf0
A27-4E,08bd57cc-905a-85a4-e0e3-14120ddd4f69
A27-4G,28bd57cc-900f-1fa8-34ad-09da8c143d24
A27-4H,5ec50407-a060-6f46-9232-c829e107f9f4
A27-4J,0ec50407-a007-3145-e411-21c3628e3103
A28-1A,e8bd57cc-9054-aa82-5c02-8b2921f9b260
A28-1B,9ebd57cc-901a-63de-b2a2-04b5ac4ff41e
A28-1C,b2bd57cc-8fcc-7994-27ba-1f980ec98e46
A28-1D,b8bd57cc-90a8-6e5d-9f4c-51d83760b485
A28-1E,30bd57cc-90b4-f12e-8b17-2e3f752bcf4c
A28-1G,5cbd57cc-91e5-56a9-13d3-b8f697f43952
A28-1H,6ac50407-a053-e7e6-7d42-868e36c35784
A28-1J,3ec50407-a01b-5294-79c4-f8031dde2a9d
A28-2A,c0bd57cc-8f4c-c7c1-ac67-57fef75a0203
A28-2B,9abd57cc-9066-68ad-1e16-fe097c4c4a52
A28-2C,92bd57cc-900f-6daf-e3c8-9dc448545e3d
A28-2D,02bd57cc-90f0-fa7b-3fc8-d723c574abd3
A28-2E,8ebd57cc-9101-e4c0-508c-f08355bb5010
A28-2G,3abd57cc-90b8-7c19-a501-2d8bcd541048
A28-2H,d6c50407-a0a2-228d-cb4a-e5ab18fb1085
A28-2J,14c50407-a067-dd5b-5c9a-27727a66775e
A28-3A,acbd57cc-8f98-0b28-484b-795947a38ed2
A28-3B,1cbd57cc-8f41-58da-88d2-116bc5178926
A28-3C,cabd57cc-904e-ea51-b98d-3ff8fd5ebb9e
A28-3D,24bd57cc-9132-77e3-b53d-4da4f51c5452
A28-3E,b0bd57cc-9153-3874-de70-02c3068e2d6b
A28-3G,30bd57cc-90f7-db9a-4058-73ee56361a85
A28-3H,cec50407-a0e8-2afa-4553-fc68575a11c9
A28-3J,02c50407-a0b4-8a16-99b3-89f919f91671
A28-4A,aebd57cc-8fd7-86d3-81cb-322c7287ba90
A28-4B,d8bd57cc-8f88-797f-18c6-c8a8e43ff55d
A28-4C,98bd57cc-905c-225a-7081-ea9501bc7474
A28-4D,2cbd57cc-9171-5c64-08a6-2cad822f24e5
A28-4E,cebd57cc-91a3-d428-4bc1-4d606dad048e
A28-4G,42bd57cc-9147-a714-7af0-11d55c95b9ca
A28-4H,dec50407-a12b-0be8-940c-4f1e8c3d564a
A28-4J,0ec50407-a102-37f1-72a1-9fe14c0afd96
A29-1A,80bd57cc-91ac-3cb4-0df8-c052c37e6e01
A29-1B,4abd57cc-9152-f600-3125-08eded808908
A29-1C,d6bd57cc-911d-7184-2780-597c7e01d009
A29-1D,febd57cc-90db-0b11-64d9-e8830e160340
A29-1E,56bd57cc-91ff-2b2a-4b4f-2b735dbd4668
A29-1G,b4bd57cc-92bc-016d-11bd-7f21add0c593
A29-1H,50c50407-a158-79d2-d819-8286fab421c5
A29-1J,c0c50407-a115-4cc1-2c7b-97c9ef179806
A29-2A,bebd57cc-91f5-421d-ea25-08827ae31c94
A29-2B,82bd57cc-919b-06c7-e2f6-b030e9cc91e1
A29-2C,a4bd57cc-915f-dafc-c2f6-55487e82a8e2
A29-2D,56bd57cc-912a-c8a2-7627-f049ba7c9291
A29-2E,b8bd57cc-91ee-9957-02ff-a92d66b82679
A29-2G,a4bd57cc-9301-fb3d-b61e-0ab1159b6469
A29-2H,7cc50407-a040-b618-c8e2-138a7a0b8514
A29-2J,58c50407-a161-e82b-c99f-3dda0da204ae
A29-3A,54bd57cc-90cd-e067-8cf8-d08ff80b71b8
A29-3B,0abd57cc-91dc-39cf-e547-2d937fe53570
A29-3C,82bd57cc-91a7-81ff-2d67-c98eafc2aad9
A29-3D,0abd57cc-9168-8515-7ceb-b7c2992a5d2c
A29-3E,36bd57cc-9235-c7fd-d7b6-115fbe8fe1ba
A29-3G,2ebd57cc-9244-359a-5206-973d71dbe510
A29-3H,aec50407-a086-5ee3-b162-1ff21977553c
A29-3J,f2c50407-a046-97a8-4696-001d45984f24
A29-4A,88bd57cc-910e-7218-cddb-a7a2c3616136
A29-4B,4cbd57cc-90d3-b5c2-4282-0f558fb6db07
A29-4C,26bd57cc-91e9-ad21-f051-8e32f740f38b
A29-4D,8abd57cc-91bb-4e86-2a6a-ba25c6aa446d
A29-4E,eabd57cc-9276-706d-0fad-694278164fa3
A29-4G,98bd57cc-9284-4a7f-894f-669740ff0ca2
A29-4H,c6c50407-a0cf-db69-59c0-47565d4731eb
A29-4J,12c50407-a08d-4eba-17e0-742ed28b8fdd
A30-1A,f2bd57cc-92c3-7b87-c837-6184b62a8a7f
A30-1B,f8bd57cc-9298-a38b-c138-132dd86777d7
A30-1C,56bd57cc-925a-f0e3-e046-33583af62836
A30-1D,7cbd57cc-9366-f042-5e53-cbb48d11acc1
A30-1E,2cbd57cc-932b-2062-b426-eff742028ed7
A30-1G,b0bd57cc-92fb-a071-25e9-6fe7878e8384
A30-1H,c2c50407-a0ce-6cbf-7cc1-aadf5510e157
A30-1J,c6c50407-a0e2-c583-189d-d43c09a5c24a
A30-2A,7abd57cc-9306-2098-06d6-50b2b6234b03
A30-2B,d4bd57cc-92d9-73ed-567d-f9c97a6a3863
A30-2C,babd57cc-929a-5462-c125-ba8690931cef
A30-2D,dcbd57cc-9263-71e1-cb10-90ad9b2b0343
A30-2E,40bd57cc-936b-2654-fad3-d3ac9785a48f
A30-2G,76bd57cc-933f-e654-7b83-34d285db2c49
A30-2H,aac50407-a117-47b7-7efd-26cd14a4c258
A30-2J,b4c50407-a142-385d-ba78-d874d35278bd
A30-3A,50bd57cc-9363-aa25-8afb-d8abe518ad76
A30-3B,6ebd57cc-931f-89e8-f6c1-417adbc3f004
A30-3C,2ebd57cc-92e6-32d8-9823-7a6c9e801bd4
A30-3D,8abd57cc-92a9-eb54-451c-38eee915fbed
A30-3E,acbd57cc-9269-797f-b035-5f7059bd3700
A30-3G,f0bd57cc-938f-b9a7-9136-b5a983cea840
A30-3H,74c50407-a15d-6776-df55-d602017a3e33
A30-3J,3ec50407-a18d-34d6-b8f6-87807f05eb55
A30-4A,6abd57cc-9256-c372-d6cf-97a172991c0a
A30-4B,acbd57cc-9365-2608-d306-38139492991e
A30-4C,6ebd57cc-9325-734b-b0f1-4a928f1d58e0
A30-4D,26bd57cc-92ed-32b1-d3f4-25479fabde31
A30-4E,64bd57cc-92ab-b6da-473a-eac9cb5be77d
A30-4G,92bd57cc-9388-7f68-cbbe-7de8b6303b7a
A30-4H,f8c50407-a090-1c12-41ba-5b9c7c437411
A30-4J,70c50407-a1d3-02ce-bbc5-f2cb2b6d9a4b
A31-1A,e2bd57cc-9421-49c0-479e-e0ab5e828d6f
A31-1B,54bd57cc-93d4-c3cf-5811-10f044356d5d
A31-1C,c6bd57cc-94f8-97f7-0feb-633bfd64546a
A31-1D,3cbd57cc-94c1-1d2b-bafb-bed4248f0fb8
A31-1E,88bd57cc-945b-259d-223c-a3290adb2f09
A31-1G,36bd57cc-9422-d865-7786-68c3fea8b0bc
A31-1H,50c50407-a1cf-d990-f2c7-67661ee17e7d
A31-1J,28c50407-a2ec-b767-2bcd-921694d11a51
A31-2A,a0bd57cc-949c-fabf-12a2-e802ed34b9e7
A31-2B,ccbd57cc-9421-01b1-1afa-5efe3b50c88c
A31-2C,aabd57cc-93e4-9544-7a5f-00b42a6818ca
A31-2D,b6bd57cc-950a-9b51-ae74-33cef5d74e1e
A31-2E,b0bd57cc-94a1-554a-e228-083a1a032799
A31-2G,b8bd57cc-9478-bd98-aeeb-01cd14e5007d
A31-2H,26c50407-a217-b527-77e5-d2942014cbd0
A31-2J,0ac50407-a1db-67b8-e291-4ff2e5d77539
A31-3A,9abd57cc-94e8-794b-01e5-659b3aa107ea
A31-3B,54bd57cc-9462-573e-1a63-06dab7f5813d
A31-3C,9cbd57cc-942a-7796-ec3b-424034e66237
A31-3D,a2bd57cc-93d9-1a4f-0de8-b07975eec66f
A31-3E,96bd57cc-94e3-a3b2-fb5f-f9df49e2aedf
A31-3G,6cbd57cc-94c7-2152-833f-d2e66f6deeb8
A31-3H,7ec50407-a25c-e5d6-c509-13fa41683dd0
A31-3J,e8c50407-a225-ddc2-ce6c-bd9d09e8dc00
A31-4A,0abd57cc-9537-c37e-5cc9-a205bbb98acc
A31-4B,f0bd57cc-94a1-0dbf-ced2-367b5192f7cc
A31-4C,0ebd57cc-9474-ca30-b300-d7a4d616af48
A31-4D,ecbd57cc-9419-b8e8-b077-78cf466b54dc
A31-4E,86bd57cc-93e0-d30a-00d9-a157e19fd74d
A31-4G,04bd57cc-9505-9657-0dcb-6e4dba22b597
A31-4H,34c50407-a2a4-85ec-470f-ac8f6ffc5669
A31-4J,a6c50407-a28b-111d-7983-abdc2af6d39b
A32-1A,46bd57cc-93fa-d354-8520-07ab6ead847b
A32-1B,4ebd57cc-9523-0083-6e03-b0f7ec2b05f9
A32-1C,72bd57cc-9617-1e4b-298a-5081ab10caa3
A32-1D,fabd57cc-95ee-0966-c969-cb5fd0cf50d8
A32-1E,98bd57cc-95c0-34d7-0ff2-ec2f4dc66316
A32-1G,aabd57cc-957f-68c7-e243-ecc31078c3a0
A32-1H,0cc50407-a2d2-bd08-a618-ca972f4b8bdb
A32-1J,24c50407-a287-5d78-ac8c-079fddafa401
A32-2A,18bd57cc-9449-d5ee-fa85-d0f975bb06c7
A32-2B,24bd57cc-954d-7c3e-7ad4-962ef375bf54
A32-2C,c4bd57cc-965a-29df-e33e-f7a3ec493fdb
A32-2D,dabd57cc-962f-3cda-5b54-e80858b4fb3d
A32-2E,42bd57cc-960f-0af8-8037-6c1d393bbc8c
A32-2G,36bd57cc-95d0-d3b3-0130-6213c8cc2c69
A32-2H,cec50407-a316-2710-dd48-54ce3bb92533
A32-2J,52c50407-a2ea-e3cd-62a4-840fcf2f4b00
A32-3A,b4bd57cc-949e-4f66-af03-ce035efeb8be
A32-3B,7cbd57cc-958e-86cb-b62b-961c67853320
A32-3C,3cbd57cc-9565-ef99-e211-fad8bcaffeb5
A32-3D,58bd57cc-966e-19ef-48ab-565080fd4161
A32-3E,72bd57cc-9651-94bf-d4d5-d4f173e287ff
A32-3G,d8bd57cc-9613-afd7-2558-3e7052137f8c
A32-3H,32c50407-a1e7-f950-a325-aadc28e55761
A32-3J,9cc50407-a330-4d65-e160-46d6aceabb7f
A32-4A,16bd57cc-94e4-094c-cda9-8ac802f74088
A32-4B,d6bd57cc-95d6-ca5d-999a-58d109ef8f7e
A32-4C,90bd57cc-95a9-e472-5164-8409de8c0864
A32-4D,0abd57cc-957f-8c69-29f7-2aada975b45d
A32-4E,0cbd57cc-969a-a724-145b-d6991ebfe216
A32-4G,debd57cc-9654-a18b-5e60-fc727fa253bb
A32-4H,6cc50407-a23f-aa5d-a7cc-e06ca11ef692
A32-4J,d6c50407-a1e6-a493-40ea-f8488b7ed9cc
A33-1A,c8bd57cc-9693-3de8-1390-71e80cf2ca46
A33-1B,d8bd57cc-9661-004a-0511-282e7060ea65
A33-1C,aebd57cc-9629-3ab8-5c47-1858f8676daf
A33-1D,46bd57cc-970b-3ae2-d7b4-0f208764850d
A33-1E,26bd57cc-96d8-5c1c-a8c2-9a1b1a9f41b6
A33-1G,5ebd57cc-9805-c6c0-7f10-eb15d9c9acbd
A33-1H,acc50407-a22e-8b56-28be-d6d18b79ad8b
A33-1J,aec50407-a1f7-5dc0-a19d-7d1c89750dd0
A33-2A,70bd57cc-9595-7a98-2a6b-b1b6a59588bd
A33-2B,54bd57cc-96a9-50af-a7c7-b3f300031d0b
A33-2C,5cbd57cc-9671-21a3-ff51-820217f5e540
A33-2D,c6bd57cc-974b-b9a3-4458-5f6adcbdcbdb
A33-2E,9abd57cc-9725-c075-cc8a-42d2a67d80e1
A33-2G,5cbd57cc-96fb-30b0-34bb-43ef121eac01
A33-2H,cac50407-a27a-2d1e-f95f-9d8099bcff54
A33-2J,94c50407-a23e-fb5d-cf3a-f21c2b86a92e
A33-3A,36bd57cc-95dc-1611-97ef-8c5d2d6bd37f
A33-3B,fcbd57cc-959e-cdb2-53a8-1487d2b1f4c9
A33-3C,22bd57cc-96c6-8af9-346a-af3e68e8f854
A33-3D,00bd57cc-978d-404b-adc4-23197a7cb536
A33-3E,6ebd57cc-977b-2035-3f7c-c16f15bf7d8a
A33-3G,14bd57cc-973a-d9cd-9d50-17c82698265c
A33-3H,6ec50407-a2bf-4ce7-2a6a-d590a53b33e0
A33-3J,30c50407-a288-a88f-d9e0-554c2590ce78
A33-4A,82bd57cc-961d-14d0-c7dd-aaed3677fd22
A33-4B,bcbd57cc-95e7-a37a-5e74-e558b990320b
A33-4C,1abd57cc-96c6-e5e1-23be-5f05e30923b0
A33-4D,f4bd57cc-97cf-eb8d-6ee1-22ae713bbba7
A33-4E,8cbd57cc-97c4-ebf8-4c0d-20fc2b3a8545
A33-4G,62bd57cc-9778-16ac-c8fa-aa1944211c5e
A33-4H,f6c50407-a310-5852-316b-368b01b749ff
A33-4J,2cc50407-a2cd-5ace-d2a1-8b77e661033c
A34-1A,9cbd57cc-97b8-7300-f3a4-e6a7f20e11cf
A34-1B,8cbd57cc-978a-6558-53a0-56d1c856f5fc
A34-1C,e2bd57cc-975b-5c14-b846-b76f662ebc4e
A34-1D,fcbd57cc-9734-9d68-5cca-1128caba93b6
A34-1E,8abd57cc-984a-a4c9-cba5-03afcd2a0107
A34-1G,f8bd57cc-990e-dd99-840c-1599a2e24d6b
A34-1H,44c50407-a316-2fb8-f8aa-d7e53966f24e
A34-1J,dec50407-a346-abf0-37f4-7399109ea16b
A34-2A,8cbd57cc-97fc-5b41-2a63-8ef09b0b438c
A34-2B,78bd57cc-97d6-07f0-fcea-6906cf9eca30
A34-2C,8ebd57cc-979e-1aaa-9bbd-bbac30e6cdd0
A34-2D,bcbd57cc-9786-4ae6-a955-10100255c5f7
A34-2E,94bd57cc-9847-9f0f-d4c3-52440010ea5a
A34-2G,7cbd57cc-9955-ba24-866b-b855733f3c82
A34-2H,fec50407-a266-40da-6090-66f719628f27
A34-2J,0ac50407-a3a4-b400-c752-7ee7813490b4
A34-3A,8abd57cc-96ff-2203-437b-0bd1f5094691
A34-3B,58bd57cc-9818-4a43-a8c3-c09aeb0567c2
A34-3C,9ebd57cc-97e8-baf5-2151-e1f5ff3b407e
A34-3D,8abd57cc-97c7-94d0-bf37-4423dec698a7
A34-3E,68bd57cc-9886-b6d0-a1df-3e57ef7a5ae1
A34-3G,a2bd57cc-9864-df7a-c21d-38d032afe7d6
A34-3H,8ec50407-a2b1-f32b-3b6d-12c9bfb8a363
A34-3J,f4c50407-a37b-1acc-9d21-c6317cad2877
A34-4A,5ebd57cc-974b-3f26-9beb-9328c62a9f12
A34-4B,f4bd57cc-9719-bcc5-19d7-11448dfa423c
A34-4C,40bd57cc-982d-ced3-f444-b68d95d0a27f
A34-4D,42bd57cc-9809-1208-b38b-6e62d1bf8d43
A34-4E,fabd57cc-98c6-22fa-c005-f8d7140bc037
A34-4G,02bd57cc-98a8-767e-f030-42af740d1290
A34-4H,a4c50407-a2f5-5a28-5bc6-1da89aa84534
A34-4J,b4c50407-a3c7-d158-6af7-9578816bdafd
A35-1A,cabd57cc-98eb-c122-32f0-6c7600543ab7
A35-1B,4cbd57cc-98b5-2bfd-3b88-249a9a20e7b7
A35-1C,a6bd57cc-9880-692b-17a9-1e2ca265b1f5
A35-1D,10bd57cc-998b-2597-746c-613d9d8b7f6d
A35-1E,4abd57cc-995b-3e5c-0b62-f03fb88e1081
A35-1G,76bd57cc-9945-b6b2-dc49-5e1fa1f6d403
A35-1H,60c50407-a410-5713-ef69-c8813c5738e2
A35-1J,a8c50407-a3e2-bc8d-d25a-8d77b3e70573
A35-2A,08bd57cc-9930-9fc1-2a8f-71ddb3e09083
A35-2B,2abd57cc-98f8-4b4e-6eb2-c6dad159e56e
A35-2C,c8bd57cc-98c3-2853-e869-42cf466d8ae8
A35-2D,84bd57cc-9897-edb3-056e-8b9408b7a75f
A35-2E,1ebd57cc-999c-621e-fda2-0ee19ac384db
A35-2G,eebd57cc-99ab-b3d2-6407-5940bd9b33e4
A35-2H,50c50407-a45c-4e64-779c-efb2ed4adb38
A35-2J,90c50407-a42d-72e5-38fd-e49444fc543e
A35-3A,14bd57cc-999a-0a6a-43f0-e60c1512602f
A35-3B,38bd57cc-993a-251b-8ad9-d18638484932
A35-3C,94bd57cc-9901-8199-69e2-b9dd415cc328
A35-3D,f8bd57cc-98d6-1610-c7c4-80acc8fc1ebc
A35-3E,04bd57cc-98b5-8da4-39c8-6b6be9c41e99
A35-3G,6cbd57cc-99f1-f4e4-2c7c-27fa18b1b8e5
A35-3H,88c50407-a4a1-a826-42cc-cb97f3063372
A35-3J,2ac50407-a476-fe15-d117-22ffdd6edf10
A35-4A,98bd57cc-986c-778f-620c-2117113b4f06
A35-4B,eabd57cc-997c-68a8-cbe1-9439ac8f2709
A35-4C,c0bd57cc-9945-c057-01f2-e541e11cab80
A35-4D,48bd57cc-991a-b354-ce87-9c5a89947f03
A35-4E,64bd57cc-9904-20f3-bb26-58421712964e
A35-4G,62bd57cc-99c4-df25-7199-09a4a3426344
A35-4H,a4c50407-a397-5359-3a67-670fa8e3e655
A35-4J,c0c50407-a4bf-bd66-371f-b3c64ae69c6f
A36-1A,58bd57cc-9a08-7aaa-a71e-c8196b75ae5b
A36-1B,76bd57cc-99f6-6a07-d7d6-1edf0cd1b56f
A36-1C,7ebd57cc-9b0d-7fa3-fe4d-a9aafde87ac5
A36-1D,5cbd57cc-9add-9858-8aa7-f21b6550b6dc
A36-1E,0abd57cc-9a87-4d67-b80b-3a16c44a73b2
A36-1G,f8bd57cc-9a46-9a2d-354f-4917019344ee
A36-1H,cec50407-a3a6-b392-be45-9a0f7e5fb8a9
A36-1J,3ac50407-a4c9-77b3-569d-b6d7318c1da8
A36-2A,54bd57cc-9a4a-65b9-e8c6-36f8fe38de5b
A36-2B,38bd57cc-9a37-43d5-93dc-e03b8d9daf42
A36-2C,54bd57cc-9a03-f5be-b66c-c1af9a49b4bc
A36-2D,acbd57cc-9b22-15be-fa4f-e4966809e725
A36-2E,dcbd57cc-9ac6-dd95-a3ff-b6121d4ce8b5
A36-2G,debd57cc-9a91-ad64-eb4d-39b2a26c6019
A36-2H,9ac50407-a3f4-6d1e-be71-983f058ecd1d
A36-2J,dec50407-a3b5-e792-c225-81a3ff3f1be6
A36-3A,eebd57cc-9a91-ed64-be30-c2a5427761f3
A36-3B,2cbd57cc-9a7b-a6d9-6d0d-ca16fdb8879b
A36-3C,e6bd57cc-9a4b-10e3-2d13-38857d841e14
A36-3D,96bd57cc-9a02-8b78-c759-7b5ed48121f2
A36-3E,ecbd57cc-9b07-e38b-8ee6-c411cf2591a8
A36-3G,78bd57cc-9ad5-da99-0592-21d48c575c50
A36-3H,6ac50407-a43e-a721-7cd4-a223487f6d79
A36-3J,eac50407-a3fd-f55e-9404-b9af53c63930
A36-4A,8abd57cc-9ad4-ed07-223e-f025f979b15e
A36-4B,32bd57cc-9abf-1fb0-2b39-d5c8219388ed
A36-4C,24bd57cc-9a92-34b4-7bd2-521654e58843
A36-4D,20bd57cc-9a46-6e41-be1d-24d9bbe9c5ed
A36-4E,86bd57cc-9a05-c9c1-3172-eee9b8cba2bf
A36-4G,48bd57cc-9b21-dddd-d6d1-d85984aa6443
A36-4H,46c50407-a483-ea43-ff6f-950cc7714272
A36-4J,42c50407-a440-ddf8-8af9-1afa30f9fd83
A37-1A,00bd57cc-9a91-195f-75ef-2492c13692ab
A37-1B,bcbd57cc-9bba-e6df-f8bc-d5fd5a75f965
A37-1C,ecbd57cc-9c16-30eb-d67a-32e63c2bb66c
A37-1D,8ebd57cc-9bf7-460e-ac12-415d24469096
A37-1E,92bd57cc-9bc0-79fe-0564-aa84c8e3659c
A37-1G,46bd57cc-9b8f-93f6-c9b9-cb9c36deba1e
A37-1H,d0c50407-a48c-2785-de83-214759f8fd9b
A37-1J,f2c50407-a45b-2e3c-d013-c3dc269fad4d
A37-2A,94bd57cc-9ad7-9ada-9a06-76edc2e01649
A37-2B,00bd57cc-9b44-cd71-49a2-0237fe8c3356
A37-2C,f0bd57cc-9c55-fffb-baba-4f3c352e7147
A37-2D,e4bd57cc-9c3b-74e0-3f3a-33c72e64ec8d
A37-2E,2cbd57cc-9c02-0efc-dd29-90bfcf8da9ef
A37-2G,c8bd57cc-9bd4-a62f-9c1a-cfea19e3baa1
A37-2H,d2c50407-a4d6-9760-c88f-06b130aedd23
A37-2J,26c50407-a4a5-f3da-8eb3-7d296fb7f199
A37-3A,94bd57cc-9b17-7b40-995d-8cb198330e17
A37-3B,08bd57cc-9b86-327b-65e0-ef0038592828
A37-3C,fabd57cc-9b72-32a7-ce95-5811c2443491
A37-3D,2ebd57cc-9c9a-7989-c41f-3e810aec7ffe
A37-3E,12bd57cc-9c42-1f0a-14bb-b59f28ae89c6
A37-3G,52bd57cc-9c14-031d-2fbf-839a0df35a82
A37-3H,20c50407-a3b9-5f7f-4104-a7d1facd93f6
A37-3J,f8c50407-a4e7-b809-ec29-e17aa67093ed
A37-4A,0cbd57cc-9b5f-15f4-a38b-c348a1190daf
A37-4B,90bd57cc-9bcb-d4d2-d3c2-aee1e9765d5a
A37-4C,5cbd57cc-9bb9-08b2-3457-da3f562ca4e9
A37-4D,76bd57cc-9b7a-438d-98a9-facfd6d5d6b7
A37-4E,d0bd57cc-9c84-744c-5d62-3113879c6502
A37-4G,34bd57cc-9c55-e21e-39b6-c8364a622d9e
A37-4H,0ec50407-a3fb-c1d2-a7f2-2fac8e9689a0
A37-4J,74c50407-a432-580f-9ce1-5ef4ab1f90b3
A38-1A,32bd57cc-9caa-d872-61ef-abe1f93c4e8b
A38-1B,dcbd57cc-9c63-c958-3d44-fe8276be8f4b
A38-1C,70bd57cc-9cb2-23a4-7de8-ed5f75c1cce0
A38-1D,7cbd57cc-9d16-6a44-7bef-9ff328d2fc16
A38-1E,7abd57cc-9cf4-49b2-e34a-bfc04ab11205
A38-1G,8cbd57cc-9e09-3026-62e9-80f0441e75ea
A38-1H,6cc50407-a47e-5e7d-e310-1d3b6e4eb86a
A38-1J,96c50407-a53e-6f3a-698f-6e32aa1da7d1
A38-2A,ccbd57cc-9b99-e149-f1dd-bb8a378cae67
A38-2B,50bd57cc-9ca5-ac8f-e166-8fb6539a33f2
A38-2C,20bd57cc-9cff-7b32-dd76-99fd8ff56327
A38-2D,56bd57cc-9d58-f721-34f1-0ddba172867c
A38-2E,d4bd57cc-9d36-cb8a-6b4c-3fbbc0e776eb
A38-2G,babd57cc-9d05-6a6c-f393-dbb6e49e9479
A38-2H,acc50407-a4c5-daa4-4742-61bd03adb362
A38-2J,5cc50407-a582-c845-89db-08b2a92fdddc
A38-3A,62bd57cc-9bdb-95bf-497d-0ca105124a4b
A38-3B,fcbd57cc-9c29-21c3-7268-86f008a70777
A38-3C,febd57cc-9d40-7d8f-246d-4713eb32dd52
A38-3D,bcbd57cc-9d9a-bced-58db-fa436a6dcec1
A38-3E,62bd57cc-9d77-c305-0802-615f3d52debf
A38-3G,58bd57cc-9d46-cd9a-2e33-129fa5dcb866
A38-3H,20c50407-a507-a659-0cc0-6961abb503f3
A38-3J,86c50407-a5d8-9884-04ed-ecbe105559c6
A38-4A,66bd57cc-9c1a-1a8a-34ce-7371630baa58
A38-4B,88bd57cc-9c67-ee4f-c929-7cc6172b440b
A38-4C,84bd57cc-9cbf-fc47-a67a-231d22989547
A38-4D,8ebd57cc-9dd9-fdf7-586f-0215fccba37a
A38-4E,9cbd57cc-9dc6-3d64-b26b-8e578ee0c89e
A38-4G,fcbd57cc-9d88-4cb7-e6b6-ed7416f89012
A38-4H,14c50407-a54e-2960-ece8-a15c204d9416
A38-4J,62c50407-a61e-9369-cdfe-9ef592dd358f
A39-1A,92bd57cc-9dc9-7119-0e2f-a51f8a184fad
A39-1B,b2bd57cc-9d99-c914-9a6b-c3a485978e55
A39-1C,1ebd57cc-9d69-eb00-4e76-58fe210fc329
A39-1D,5abd57cc-9dac-e1b6-54d0-dacdc6a1c4d6
A39-1E,30bd57cc-9ef1-30b2-0946-b6367afa14e9
A39-1G,90bd57cc-9f1b-917b-ad5c-b0afcf5a9426
A39-1H,f4c50407-a66a-6c36-1519-a77880dabc97
A39-1J,e4c50407-a638-2dc8-892a-eacfb7d11689
A39-2A,14bd57cc-9e0b-1de2-08c4-7b47aa2fdb15
A39-2B,46bd57cc-9de9-090a-f575-4ae6c1c552a1
A39-2C,cabd57cc-9db6-5ab7-a8c9-2daac7a61933
A39-2D,3ebd57cc-9df0-4940-c708-cfe9c2f35863
A39-2E,b6bd57cc-9e45-61e8-3fec-4fac8664f1ce
A39-2G,e8bd57cc-9f62-bef3-f6a4-88a831c98849
A39-2H,aac50407-a54f-309d-c2cf-b96eafcdc70a
A39-2J,b2c50407-a67e-664d-c13b-8b7effc340bc
A39-3A,08bd57cc-9d1c-c2eb-e65a-3896be03bd5b
A39-3B,54bd57cc-9e31-5645-7d1a-5cfa942e6085
A39-3C,78bd57cc-9dfc-9853-9278-1034df620db7
A39-3D,ccbd57cc-9e4c-82a9-328c-738a2480986c
A39-3E,8cbd57cc-9e88-90ca-66cd-0626e040dd97
A39-3G,9ebd57cc-9e70-ac60-b1ea-cf3f4147f333
A39-3H,a6c50407-a5a1-a723-678b-062d84b0e844
A39-3J,38c50407-a54f-7a9c-a76a-5b1c1c98dbb1
A39-4A,52bd57cc-9d5b-2f2b-b5af-030e5d951251
A39-4B,62bd57cc-9d2e-3eef-8a0d-8f8207cc19a2
A39-4C,30bd57cc-9e3d-c4a9-221a-ed7ff1b6acfb
A39-4D,eebd57cc-9eae-062e-565f-9183419300c9
A39-4E,72bd57cc-9eda-4f3a-5fb0-81add4a73dcd
A39-4G,1cbd57cc-9eb0-2f73-cb6c-1641a51a946c
A39-4H,0ec50407-a5e8-235c-255e-892ccd4e7c3b
A39-4J,f2c50407-a591-e503-0b53-cecce844d849
A40-1A,10bd57cc-9ef0-4da9-c1bc-ecea947b4c03
A40-1B,54bd57cc-9ebb-cbb6-fda6-2fb12413240f
A40-1C,b6bd57cc-9ea4-8b38-4a7b-cfa8d2b16f6b
A40-1D,08bd57cc-9fba-27ef-8e88-746ac5af44c8
A40-1E,54bd57cc-9f73-1be8-63d1-9086ade20d04
A40-1G,56bd57cc-a006-798d-3329-cc2cb749ca07
A40-1H,52c50407-a5e1-4c3d-6ef9-622bfad6e68f
A40-1J,6ac50407-a5aa-66e5-9df1-a310734a4781
A40-2A,a8bd57cc-9f30-2873-eb75-885393bec74e
A40-2B,ccbd57cc-9f03-a1e2-a48b-e511b6efbf8a
A40-2C,cebd57cc-9eeb-e159-e2ba-41900eae9a46
A40-2D,a4bd57cc-9ea7-578e-857f-66fc4ea592ee
A40-2E,dcbd57cc-9fb6-4b9d-68a9-d0cb42ba3fbd
A40-2G,22bd57cc-a048-4db6-8e76-7b1e3212f3ba
A40-2H,a6c50407-a630-c08c-e8f3-570173105c98
A40-2J,bcc50407-a5f9-9f51-31d6-fb41953c467a
A40-3A,90bd57cc-9f6f-532d-53b0-0e15e9c17aa6
A40-3B,4ebd57cc-9f44-267d-60ff-05253235f016
A40-3C,5cbd57cc-9f2e-34ef-f65b-6711eeda5cf6
A40-3D,26bd57cc-9ee9-66c9-9b66-07af0dd9da95
A40-3E,3cbd57cc-9f66-7860-894c-a45ee37a6f70
A40-3G,00bd57cc-a08b-dccc-8bba-5851ca46d7af
A40-3H,aec50407-a676-e5cf-92b7-b498f489159d
A40-3J,88c50407-a640-c62f-75d4-8e5ff09fedb4
A40-4A,8cbd57cc-9e7a-d22f-d379-9af96a292360
A40-4B,6abd57cc-9f83-ec96-f76e-d0af54a5ab55
A40-4C,24bd57cc-9f74-cbe4-d376-23e32b65ea6d
A40-4D,a6bd57cc-9f2f-8e10-3ee0-ac9babe96155
A40-4E,7abd57cc-9fa9-dc95-f0a0-56471ac91574
A40-4G,aebd57cc-9fd7-90cc-3f56-a22d16801c91
A40-4H,d6c50407-a560-4860-3661-7c32fd0dc2d9
A40-4J,9ec50407-a6af-ff6b-7227-478ff9398b61
A41-1A,72bd57cc-a01e-ab9e-1e61-9ca63c24a82c
A41-1B,46bd57cc-9fda-aa78-7969-ad971a302fe5
A41-1C,febd57cc-a0e0-f358-cb91-bac2fdf81f0b
A41-1D,ecbd57cc-a0b0-e676-c301-259adf4ccd85
A41-1E,48bd57cc-a0c7-fcce-ff99-c628958ac222
A41-1G,f6bd57cc-a07f-7e66-797d-80727133a8d6
A41-1H,94c50407-a570-557f-e28a-209ef896f0ad
A41-1J,46c50407-a690-011c-eadb-eaf04bb698a0
A41-2A,94bd57cc-a061-d788-65e2-89fd1b572461
A41-2B,aabd57cc-a019-5093-3442-ae58e0577318
A41-2C,1cbd57cc-9ff1-b06a-5252-f05365676ef1
A41-2D,0cbd57cc-a0fb-854b-bff7-52763e254cbf
A41-2E,78bd57cc-a108-cbb6-260a-30cff9ed3a53
A41-2G,20bd57cc-a0cd-0f12-fe53-197053f2207b
A41-2H,04c50407-a5c1-dbd4-1b06-a1067cee93c8
A41-2J,5cc50407-a5d5-a8d7-3d1b-c7a2ac17ae90
A41-3A,0abd57cc-a0a1-0994-a5e3-8e39409f657e
A41-3B,d0bd57cc-a060-a17e-685c-a54849894d08
A41-3C,66bd57cc-a030-9c08-4b0c-72a9f0a95901
A41-3D,f6bd57cc-a024-28bb-40ad-bf33ce9b1c37
A41-3E,70bd57cc-a148-b6cc-6c7d-ff128fb78ce3
A41-3G,80bd57cc-a117-29ce-2746-9c5e86859e17
A41-3H,fac50407-a604-d3aa-7641-b0270ec2e9df
A41-3J,96c50407-a61a-e790-5f9f-bf2c99b06272
A41-4A,aebd57cc-a0e3-74dd-5bf7-43452c8a7bdd
A41-4B,54bd57cc-a0a1-6f39-1424-8bd499fecb03
A41-4C,ecbd57cc-a06f-fe1a-be1e-67b9753c5619
A41-4D,00bd57cc-a063-054b-ccf2-e91ceff838cc
A41-4E,b0bd57cc-a023-c7ef-8583-7cfeb1a8bba1
A41-4G,febd57cc-a15a-c117-fb0e-64b6b460eb01
A41-4H,42c50407-a64d-aa6a-c2b7-d74ae37f0353
A41-4J,9ec50407-a661-e2b1-993b-2e4801f8e822
A42-1A,aebd57cc-a0ff-558f-8811-415478399800
A42-1B,90bd57cc-a225-7ed3-f324-6d096df98878
A42-1C,e2bd57cc-a211-4c6d-419d-39c4116771c5
A42-1D,30bd57cc-a1d2-166a-cf6c-16f8bdc429e3
A42-1E,d6bd57cc-a1b1-3ed7-09da-b4694c84fbe6
A42-1G,66bd57cc-a1b2-de9f-7abd-f69b2ac2dd37
A42-1H,5ec50407-a6a7-08e1-9d21-11fb1c1396d6
A42-1J,e4c50407-a788-f779-b70e-a072d8b72c00
A42-2A,16bd57cc-a143-7946-c7c7-84897134d28d
A42-2B,fcbd57cc-a14b-d6ce-b98a-b108056565bc
A42-2C,5cbd57cc-a252-4931-458a-4127c9776de8
A42-2D,34bd57cc-a215-2e36-e29e-645ef9a85a71
A42-2E,3ebd57cc-a1f3-5a87-6060-ac9ddd32ed99
A42-2G,94bd57cc-a261-8c0e-7e42-16dba7652a48
A42-2H,3ec50407-a6f4-e87a-a4af-c50fac00e4e3
A42-2J,46c50407-a7d1-b823-eebb-eed9667c4211
A42-3A,12bd57cc-a183-afec-9492-a54161c3694d
A42-3B,56bd57cc-a18c-235c-8bd1-e350db722ed0
A42-3C,38bd57cc-a14e-9180-6177-e626f3f4202d
A42-3D,90bd57cc-a260-dbae-2a57-5c474966e603
A42-3E,24bd57cc-a236-f7d1-ab7c-ddf770c329fa
A42-3G,6cbd57cc-a2a2-daa0-5bd6-01d8e08869e7
A42-3H,26c50407-a6fc-07c8-8d85-1e3e6525cbd9
A42-3J,5cc50407-a81f-c71a-8b64-c33644aec419
A42-4A,54bd57cc-a1c5-5b99-d451-b5dfa3a031d7
A42-4B,38bd57cc-a1ce-8dc0-23c5-d0b1ac7186f9
A42-4C,6abd57cc-a18d-8c27-e6ec-434a4cee209d
A42-4D,cabd57cc-a171-5905-aeb4-e5839e03359f
A42-4E,f4bd57cc-a27a-cdb1-a564-8940c66d5e7a
A42-4G,62bd57cc-a2e0-02df-4604-7254270e4468
A42-4H,82c50407-a740-4239-1222-1bdbce09b6a8
A42-4J,5cc50407-a70a-dee0-b4d5-d316e1f387e1
A43-1A,5cbd57cc-a32a-c512-47e9-c43dd93c3f4a
A43-1B,c2bd57cc-a29f-180c-9588-8576318d108e
A43-1C,babd57cc-a32c-f19d-7862-910ff01a05c7
A43-1D,debd57cc-a30b-72f0-68f9-775ce66721a3
A43-1E,ecbd57cc-a2cb-65f5-f116-54294b918ee5
A43-1G,88bd57cc-a408-787a-26e5-f1bcc3baa737
A43-1H,c4c50407-a74e-6858-cafe-5b4f9c470e57
A43-1J,dac50407-a70d-715f-c5cd-4c287579ee38
A43-2A,9abd57cc-a1c9-7782-3976-7ff50c3f945f
A43-2B,c4bd57cc-a2df-685d-d366-7971ec9d7845
A43-2C,e8bd57cc-a36a-065f-2c6f-7432ab8132dc
A43-2D,08bd57cc-a34d-93b8-497c-5e512316ee98
A43-2E,c4bd57cc-a324-236a-48e5-27c5578e78a5
A43-2G,36bd57cc-a2e8-bf3d-e9e3-bc5707358e1a
A43-2H,c2c50407-a7a8-f3f4-db6c-42d40fb18602
A43-2J,1ac50407-a753-b12c-eb25-cd6ca73b4353
A43-3A,bcbd57cc-a20b-d894-4c5f-fa947fd4fd1e
A43-3B,a8bd57cc-a29a-0db9-d5e1-d958ab35c381
A43-3C,c2bd57cc-a3a7-d900-9bce-2c8f2412b895
A43-3D,7abd57cc-a38e-ee63-9d67-eb4ab72d4ebf
A43-3E,02bd57cc-a36c-9a29-f393-ed1b79070357
A43-3G,e8bd57cc-a32a-4272-02a0-cac61d676917
A43-3H,3ac50407-a7fd-c174-9022-add169e063ad
A43-3J,f0c50407-a79a-918c-35b8-e614dddf1425
A43-4A,9cbd57cc-a254-266b-4947-fd6a9c9fe007
A43-4B,c0bd57cc-a2e0-9ae4-fd55-f2d826cc6d24
A43-4C,24bd57cc-a2bd-228d-deff-e1f18392af2e
A43-4D,7abd57cc-a3df-129a-b381-de0b9e1cbb74
A43-4E,26bd57cc-a3b3-4f85-c815-943ffa8b552d
A43-4G,9cbd57cc-a36a-958e-fc20-e23f41c79a14
A43-4H,98c50407-a845-5406-199d-444ef0388cb9
A43-4J,42c50407-a7dd-b346-6e7b-519c3ad10da1
A44-1A,18bd57cc-a3aa-44af-976d-25d5f2f0531e
A44-1B,e0bd57cc-a3d1-fc4d-1812-1325d3718ec5
A44-1C,5abd57cc-a3ea-272b-66d6-82d85c7deed9
A44-1D,98bd57cc-a414-57dd-de99-17d5d2b569ee
A44-1E,78bd57cc-a570-4135-280c-60f2bead0ced
A44-1G,56bd57cc-a520-37b8-63c5-9189cd850a0e
A44-1H,88c50407-a825-2f83-c729-79c0dedafc78
A44-1J,ccc50407-a81c-6849-da02-cb83baa8be50
A44-2A,70bd57cc-a3ec-935e-9550-0cfb30914038
A44-2B,7cbd57cc-a42c-1710-91a3-7be35794b9fe
A44-2C,e8bd57cc-a429-e8a7-8025-6423285c3e74
A44-2D,00bd57cc-a45c-922a-449c-0b9c1b47063c
A44-2E,64bd57cc-a44f-bc3b-6905-05fb688c0c68
A44-2G,8cbd57cc-a573-7e32-fa6d-fa8808bf70e9
A44-2H,78c50407-a726-bc0b-cd0d-e06c5cdf1dbf
A44-2J,00c50407-a866-38a6-af60-649e6d0701e9
A44-3A,08bd57cc-a34e-3a56-878c-d0c44786fad7
A44-3B,4ebd57cc-a486-82a2-e55c-60c2dd69a3f8
A44-3C,9cbd57cc-a469-09b2-74a2-bd192a56b9aa
A44-3D,3cbd57cc-a4c2-c2ac-e311-417e17acedb4
A44-3E,8abd57cc-a497-3a78-669e-4155c4f53764
A44-3G,3abd57cc-a463-25fd-4a9d-a97f15285eca
A44-3H,1cc50407-a76e-34a0-1bf4-70b9e4977632
A44-3J,6ac50407-a743-e35b-943e-9fcf72dfa3e8
A44-4A,dabd57cc-a38f-f2ed-5a58-3a75bbe7b8f2
A44-4B,20bd57cc-a396-988f-2214-29111282c3cb
A44-4C,aabd57cc-a4a8-a866-a81f-d4f61bda444a
A44-4D,36bd57cc-a524-3047-5ad3-37b7f81cc768
A44-4E,f2bd57cc-a4e0-9ea8-9a82-1dd9abba69ee
A44-4G,0ebd57cc-a4b0-1c44-4da1-4b683364cf8a
A44-4H,b8c50407-a7b5-36f0-a8cd-62934db1afab
A44-4J,b8c50407-a78b-4647-6289-f24a6ca44ea3
A45-1A,cabd57cc-a4f5-ca8a-36ff-8b138c0993b9
A45-1B,a8bd57cc-a4b4-6cc7-36f8-20e39e090c62
A45-1C,c8bd57cc-a501-f0c3-c7cd-812969d2fe7a
A45-1D,0ebd57cc-a60e-c538-acb7-cbde3a5fc4be
A45-1E,0abd57cc-a5d5-01c4-c9d0-8a92fad91928
A45-1G,a0bd57cc-a66b-5ab2-3cc2-a4f520f73485
A45-1H,86c50407-a7e6-2c7e-52f3-9ea8dc628c65
A45-1J,06c50407-a7c2-5466-2868-807a0fb23cea
A45-2A,22bd57cc-a538-0b7c-2078-16aee2b26100
A45-2B,b0bd57cc-a4f6-10fc-d6d1-4991e1992014
A45-2C,3abd57cc-a547-2556-1900-705cef8f5a62
A45-2D,b2bd57cc-a511-067d-d8ea-e23856111bc7
A45-2E,b2bd57cc-a62c-e400-77f7-e08db38bb544
A45-2G,90bd57cc-a6ab-4182-a162-cba862bf938b
A45-2H,96c50407-a82c-adeb-d5a3-40ac0436b41e
A45-2J,20c50407-a809-d3b2-dcf7-a1f197d5a2d4
A45-3A,6cbd57cc-a579-c592-5e31-5708fb2b68aa
A45-3B,7cbd57cc-a537-6b03-fcf4-07bbce0e351a
A45-3C,1ebd57cc-a588-475b-f58c-ee57ee41979c
A45-3D,dcbd57cc-a556-cd44-2b71-30a89d885e8b
A45-3E,dabd57cc-a5e1-1100-8a2f-77976d9736fa
A45-3G,aabd57cc-a6ec-15eb-9641-ca0072c0ed47
A45-3H,9ac50407-a875-07aa-51d0-72688c150ef1
A45-3J,72c50407-a84b-cc48-e3ac-5d4a5d5da6f4
A45-4A,9abd57cc-a474-55a6-a665-653a0b13d65d
A45-4B,94bd57cc-a579-53b5-1478-f848dbc61107
A45-4C,38bd57cc-a5c6-879d-20ab-0b3c97d65627
A45-4D,1abd57cc-a594-21b4-5a12-d5f3ba913c6c
A45-4E,58bd57cc-a62d-4ee5-f2de-cf10dc7ddc1e
A45-4G,c0bd57cc-a5e6-b17e-1e0f-95b19c2252a6
A45-4H,4cc50407-a77d-6111-c7d2-0dccaac31ee4
A45-4J,48c50407-a898-2a49-7718-b4b7d9eec0de
A46-1A,76bd57cc-a62a-5dbc-c242-e4636a1a2737
A46-1B,a0bd57cc-a5e9-6e06-f2dc-f529a53338bd
A46-1C,f8bd57cc-a70f-2b5c-be88-a5f204c17df9
A46-1D,26bd57cc-a6d4-de0c-3a3e-9b35cdaa53e0
A46-1E,d2bd57cc-a6fe-06bd-b5ab-0b38e54fa79b
A46-1G,04bd57cc-a6d8-d91f-39a8-50bba7780b41
A46-1H,aac50407-a8a4-ac7d-bd63-19f9ddfff7d3
A46-1J,38c50407-a9e1-d947-9a20-d02a46694d7a
A46-2A,c6bd57cc-a66d-24c5-92a8-2f7f39ed8bd2
A46-2B,bcbd57cc-a62c-ca68-9959-6e0628d88ec0
A46-2C,7ebd57cc-a5fb-4e17-4457-19a64ceb5a07
A46-2D,d8bd57cc-a71c-d02e-5474-5fd949f1b3ad
A46-2E,2cbd57cc-a73f-e9b9-b95b-761a1d17bb5e
A46-2G,44bd57cc-a718-a2fa-20ce-ca3eeacaf606
A46-2H,46c50407-a8e7-6340-0fb4-63f6bae7bdb0
A46-2J,f8c50407-a8af-ca3a-0dc6-b5f936c080b7
A46-3A,92bd57cc-a6ad-05fa-46dc-7ab0859bd105
A46-3B,44bd57cc-a68a-ccb2-a559-8d029993c442
A46-3C,bcbd57cc-a63e-cef5-538e-75a4784a440d
A46-3D,00bd57cc-a678-b2a4-dc1a-75ae9291e143
A46-3E,cabd57cc-a77e-21f0-06ef-f99fc3e0f557
A46-3G,8abd57cc-a76c-748c-9064-c3e6c122fee5
A46-3H,00c50407-a93b-b258-9fae-429c569b7b68
A46-3J,dec50407-a8f5-0aa5-88b9-7189439f9002
A46-4A,9ebd57cc-a6ed-7dcb-2d6e-91332872302d
A46-4B,aebd57cc-a6cf-0ecb-4382-b069402ac4ad
A46-4C,f2bd57cc-a684-8b65-a0a6-7fbf472c7541
A46-4D,6abd57cc-a6bd-2ef6-1364-0b150fc95b41
A46-4E,16bd57cc-a69b-63a1-c2b9-2b874609fc26
A46-4G,1abd57cc-a7b4-e2d4-eb14-3e03d67c7050
A46-4H,c4c50407-a992-4cab-9534-1b09a6cd0ef5
A46-4J,dec50407-a93e-a74e-4d83-2e45288e2b21
A47-1A,9cbd57cc-a756-60aa-8eb0-7f6f48e2f629
A47-1B,bcbd57cc-a883-8bed-d6d2-fd9ebfe9eda0
A47-1C,46bd57cc-a828-d55c-9afe-d8be6ba99859
A47-1D,08bd57cc-a82a-e0f6-e472-7d45b36b0ae5
A47-1E,26bd57cc-a7c6-7c9b-7c70-8550624905db
A47-1G,a0bd57cc-a7eb-c8a6-324b-8bdf6734450c
A47-1H,1ec50407-a988-f595-dc2b-2d33b3c9c0c2
A47-1J,6ac50407-a97e-06cd-3cf3-3e9b971b864f
A47-2A,bcbd57cc-a799-7c18-382c-49ed30d340b2
A47-2B,6ebd57cc-a758-7ea5-afd3-f0a979ed8a30
A47-2C,d8bd57cc-a88c-54c7-b0b1-089b23495a88
A47-2D,78bd57cc-a885-2957-8c7f-4bd51e32e107
A47-2E,debd57cc-a807-90df-dfbe-d33768a0e295
A47-2G,54bd57cc-a835-6a68-3110-a443c1b6e71d
A47-2H,02c50407-a9d1-0cd4-505c-8c3788ffff27
A47-2J,fec50407-a9c3-0acd-ec33-bdd1e721f0e8
A47-3A,88bd57cc-a7da-9952-290b-3c1dc1729a35
A47-3B,9ebd57cc-a79b-cca8-d92a-5029edaff232
A47-3C,ccbd57cc-a780-552d-fa9e-b876b952c529
A47-3D,dabd57cc-a8c8-5133-0042-3f677b059e53
A47-3E,dabd57cc-a856-1db0-f9c5-f4ba037931ba
A47-3G,46bd57cc-a884-a4fb-4f0a-d1c31acba503
A47-3H,e2c50407-a8e9-4010-563a-d3921053dded
A47-3J,d8c50407-aa16-43d0-22a2-76081b213592
A47-4A,16bd57cc-a818-844c-ca69-f7d0ec81baef
A47-4B,62bd57cc-a7e1-d301-66f9-9d851f05e528
A47-4C,8cbd57cc-a7dd-8dab-4445-e59a10bc342f
A47-4D,fabd57cc-a787-c469-6ad8-7449b122b8ec
A47-4E,20bd57cc-a89a-f000-2f86-14fdd33020cf
A47-4G,28bd57cc-a8c2-c02f-6987-37fb42cabfab
A47-4H,ccc50407-a934-c8ae-b3e4-fabeacdd75be
A47-4J,ecc50407-a8ed-efef-fc8a-2eedd93eb2c4
A48-1A,a4bd57cc-a916-5756-dab5-ac41f24ea998
A48-1B,bcbd57cc-a8ef-b98c-7ecb-835be8538d4d
A48-1C,04bd57cc-a994-9d3a-9246-191da028fe0c
A48-1D,e8bd57cc-a93d-1946-f7c9-d530e9300913
A48-1E,62bd57cc-a909-be83-ca48-c51412416403
A48-1G,fcbd57cc-aa12-9d72-9a21-1aec295c7fce
A48-1H,24c50407-a933-6229-f880-3ef038685be6
A48-1J,f8c50407-a900-9614-b38b-49081ffadac8
A48-2A,78bd57cc-a827-a45f-1ecf-30bec7aa67b1
A48-2B,eabd57cc-a931-f71c-2759-6c4f32f0f252
A48-2C,02bd57cc-a9d8-0319-8206-ccb9deeabf1a
A48-2D,d2bd57cc-a981-ed55-3d9f-0054ccba16d2
A48-2E,94bd57cc-a949-bdd7-5e8a-6248d94fa4c1
A48-2G,88bd57cc-a939-e672-f82a-0e769066f3d6
A48-2H,42c50407-a977-f421-e7f4-e5a1120bb587
A48-2J,bac50407-a945-d9f0-3f77-048685ddb41b
A48-3A,24bd57cc-a869-5217-a3e9-eb10ee0f94dc
A48-3B,88bd57cc-a8f5-58d1-2ad1-8511de20bb0f
A48-3C,28bd57cc-aa1c-46ed-a6c0-5ca312a21daa
A48-3D,dabd57cc-a9cc-3251-a9f0-a59926ac806a
A48-3E,b2bd57cc-a989-3489-e9f1-48e8b81cfeaf
A48-3G,dcbd57cc-a97a-9209-9c10-2c4f02413240
A48-3H,24c50407-a9bc-a467-a81f-b24510d8cfc0
A48-3J,b0c50407-a989-24ec-6dc2-7acb1ed1e5a1
A48-4A,c0bd57cc-a8ad-5b47-21ed-9133ebcb5683
A48-4B,b2bd57cc-a942-3393-4d93-0d01a5a4ca79
A48-4C,76bd57cc-a8fa-9689-b646-3d0a8f3c67f3
A48-4D,68bd57cc-aa12-15ed-202c-e411df23986c
A48-4E,8ebd57cc-a9cb-c5e4-dd46-87d0e39b8a59
A48-4G,dcbd57cc-a9c1-1621-5fe0-6b063e95de48
A48-4H,14c50407-aa0c-2c38-b32a-7361a7571b40
A48-4J,4ec50407-a9d9-4a96-9e95-6e6daf22f200
A49-1A,f6bd57cc-aa01-a48e-89c5-d0b592b46fe9
A49-1B,36bd57cc-aa08-6f2a-9ea0-d77637133b34
A49-1C,a0bd57cc-a9ee-ffb8-abd4-caaabdddf484
A49-1D,00bd57cc-aa7f-5c89-ea6c-3f61836f681a
A49-1E,acbd57cc-aba5-344e-1f73-40289f62e67e
A49-1G,70bd57cc-ab4e-f8b0-62f4-71bb56acf847
A49-1H,b8c50407-aa2d-6b95-9f91-375c7fb8dd3c
A49-1J,3cc50407-aa23-e530-85fd-1e094d7bef77
A49-2A,1cbd57cc-aa43-4518-1c3f-e22f1f8fc8c5
A49-2B,84bd57cc-aa53-a8af-84cc-ef5321608ce7
A49-2C,94bd57cc-aa2f-24f1-e6b0-17b18f6465aa
A49-2D,c0bd57cc-aabc-c334-4ace-4a7cb444c7a9
A49-2E,0cbd57cc-aa87-fa54-f77f-84996072b06d
A49-2G,9ebd57cc-ab8e-62d5-b23b-c11940d14c5c
A49-2H,c0c50407-a929-bf11-a4b0-ecd59e7f7c09
A49-2J,5ec50407-aa66-ada6-af53-2ce0d372e5a5
A49-3A,acbd57cc-a984-4ff0-0013-2cbda9a139b9
A49-3B,08bd57cc-aaab-fe7b-e7de-677badd04ade
A49-3C,a8bd57cc-aa72-5dc2-8ce9-8da0712b113e
A49-3D,e4bd57cc-ab02-e6f7-b0d9-88f66a3551aa
A49-3E,eebd57cc-aacb-3c3b-7c76-ff3f88103024
A49-3G,1ebd57cc-aa8b-70fe-86a4-71e2e5a3e227
A49-3H,b4c50407-a98e-3c80-8217-8921b2bf663f
A49-3J,7ac50407-aa5a-6c26-31f9-435493af41e9
A49-4A,a8bd57cc-a9c7-11ed-097c-815c8a228836
A49-4B,0ebd57cc-a9aa-9654-910c-e0bf09ade0ed
A49-4C,e8bd57cc-aab3-424b-ad59-99921bccc38c
A49-4D,f4bd57cc-ab44-5804-450b-66721a2d8369
A49-4E,0cbd57cc-ab0d-500e-1226-5c05a21380b0
A49-4G,86bd57cc-aacc-d179-1150-5de92f5b3388
A49-4H,24c50407-a9d8-e0ed-858e-fd7cef9e5349
A49-4J,bec50407-aaa5-b7d2-741b-ebd39fb04e98
A50-1A,6abd57cc-ab30-3a1d-40b2-62669b3134b9
A50-1B,46bd57cc-aaf7-3dfd-bf52-39e95356b217
A50-1C,3abd57cc-ab19-ebf1-8a4e-3d5401f2a5a5
A50-1D,0abd57cc-ac39-f0e0-ab2c-b3cafa0d5bd9
A50-1E,28bd57cc-abe5-9a5d-0ce1-f88f235a78b8
A50-1G,66bd57cc-ac88-6870-d2ee-076686ca4008
A50-1H,a4c50407-aaea-5587-936e-15a3c6fc91b1
A50-1J,f4c50407-aaad-57ce-e61b-aed0e21992a2
A50-2A,febd57cc-ab73-fc27-7dd1-18d2bceca54b
A50-2B,9ebd57cc-ab3a-fa16-2c59-3333b8cb0ea7
A50-2C,04bd57cc-ab5b-52c8-b9cc-1c47b746e4d7
A50-2D,80bd57cc-ab1d-8313-420b-822a6512fe80
A50-2E,4ebd57cc-ac27-9332-4128-1c106b465399
A50-2G,babd57cc-acd5-cc1f-53eb-20c6d8d2c483
A50-2H,6ac50407-ab2f-5c63-df31-2c10c9931188
A50-2J,56c50407-aaf5-4f79-0578-97fb7b17f21e
A50-3A,aebd57cc-abb7-185c-e7fd-7b9a9e8574aa
A50-3B,22bd57cc-ab7f-1b30-3c91-69eb70b70a2a
A50-3C,80bd57cc-ab9d-4272-51aa-540f60b43e35
A50-3D,84bd57cc-ab63-58d2-b5f9-1c12fd998daa
A50-3E,66bd57cc-abfe-ddde-433d-302a8e15878a
A50-3G,b8bd57cc-dc2c-e9d1-94cc-10f5ab2ea1ee
A50-3H,6cc50407-ab7a-1d0e-daa8-0fdda232ee4e
A50-3J,58c50407-ab41-e114-594e-274cd248a96e
A50-4A,6abd57cc-aab0-9a39-6a8a-37b026ef43ce
A50-4B,9cbd57cc-abc2-e17c-17e6-885aa203d617
A50-4C,44bd57cc-abf8-fe31-63e7-58228291dcd7
A50-4D,0cbd57cc-aba5-4f06-1657-e90050e57a87
A50-4E,f6bd57cc-ac45-50e0-0242-dffc143855d2
A50-4G,bebd57cc-dc77-715c-d689-ba417f428aa8
A50-4H,9ec50407-aa67-4b8f-328b-6cc448e765c9
A50-4J,4cc50407-ab8c-77da-4814-07841254a595
A51-1A,7ebd57cc-dcbd-8dde-6fb4-37f0e710e525
A51-1B,88bd57cc-dcb2-2245-1acd-5e5b95f723b9
A51-1C,d2bd57cc-dc5c-ef0d-0443-17aa74a5fa14
A51-1D,06bd57cc-dd89-1f43-9ff5-df1ddd9f4531
A51-1E,92bd57cc-dd4d-d013-9f9b-d8917fef46a0
A51-1G,0abd57cc-dceb-a175-d628-8fef8b70c7fa
A51-1H,22c50407-aa99-f5fc-d09e-3ed99e69f966
A51-1J,b4c50407-ac13-57ab-94ae-bf33da8020de
A51-2A,6cbd57cc-dd06-af26-0941-7ecb96e660af
A51-2B,16bd57cc-dcfd-e130-977e-eac0ec4155de
A51-2C,00bd57cc-dcaf-1539-c639-acd9bcb5bf6b
A51-2D,b6bd57cc-dc6d-a448-45d2-fdff6919da66
A51-2E,0ebd57cc-dd97-03a7-6184-58694da128ac
A51-2G,32bd57cc-dd34-2fba-f84f-48b9db75690b
A51-2H,3ec50407-aae3-4ec1-53fd-dc06aabb51b3
A51-2J,94c50407-aaa0-162f-af43-f6b789aacc96
A51-3A,66bd57cc-dd47-3837-0c8b-f593facb8678
A51-3B,eabd57cc-dd47-6239-3c00-32730342a8f9
A51-3C,1abd57cc-dcf2-5e2d-ec4e-60dbd9dd6fde
A51-3D,56bd57cc-dcb2-d7b2-f1cb-ab2b67b0f8b1
A51-3E,aabd57cc-dc5d-c379-76d0-c9a9cef00104
A51-3G,b8bd57cc-dd8b-a12a-a149-acfe13a5556e
A51-3H,60c50407-ab29-014e-2484-71c9ebbb1164
A51-3J,20c50407-aae9-7de8-95ef-dc06c1b89548
A51-4A,30bd57cc-dc5e-c066-6120-1c824e947631
A51-4B,d0bd57cc-ddb0-daca-7a3b-9cf6441d8a36
A51-4C,48bd57cc-dd3f-f062-8f21-9957c895f7f2
A51-4D,3cbd57cc-dcfc-c9b9-f160-3d1e59f67101
A51-4E,08bd57cc-dca4-60df-9298-6c7e1a43175d
A51-4G,96bd57cc-dc62-ab37-fb41-24b77d348317
A51-4H,c8c50407-abc8-1af5-e029-7e46c81bdc0e
A51-4J,7ac50407-ab32-ca23-9860-48ce78e52941
A52-1A,7ebd57cc-dcb4-0775-cd7b-2036dc779f4e
A52-1B,f6bd57cc-ddb7-25e2-2d6c-99a7c5a3860e
A52-1C,4abd57cc-ded4-721b-9384-322b9ee4728d
A52-1D,82bd57cc-decb-cd42-47ee-93969595d388
A52-1E,22bd57cc-de7f-dd65-ca9d-e0bafc73833c
A52-1G,30bd57cc-de41-acbb-75bc-37b924263fb2
A52-1H,7ac50407-ab87-d831-169e-55565cdfe975
A52-1J,6cc50407-ab50-c0f9-c9ed-380eafa228a4
A52-2A,f0bd57cc-dcf9-efdc-ecbf-59416fa80dce
A52-2B,cabd57cc-de00-b153-d8ef-5c74e83894db
A52-2C,c4bd57cc-ddf7-8d51-340b-155c2a971446
A52-2D,f4bd57cc-df11-8082-7525-f1205c106579
A52-2E,44bd57cc-decc-4c09-d268-5db9840754aa
A52-2G,56bd57cc-de94-723d-56bd-9e32881784ec
A52-2H,46c50407-abc8-c55d-fb00-1a04c18e8c36
A52-2J,a2c50407-ab98-b251-d176-dec969c15a4d
A52-3A,90bd57cc-dd43-ba66-f8ee-558555836c18
A52-3B,00bd57cc-de45-bc02-6883-9138dc852c5f
A52-3C,8abd57cc-de39-aab7-0415-c7813bbf1422
A52-3D,febd57cc-ddf9-181c-7fc2-aad46a4a0679
A52-3E,3ebd57cc-df1e-a364-54c4-2a176a2ac81f
A52-3G,e2bd57cc-ded2-de72-7209-02a129e22efd
A52-3H,50c50407-aac0-643f-65db-fe130b9685ec
A52-3J,eac50407-abe9-9790-d49f-adb5033f97e9
A52-4A,4abd57cc-dd85-011a-0918-ef431ddf8e9f
A52-4B,d0bd57cc-de90-b479-5a54-4d3c77b8a654
A52-4C,90bd57cc-de8a-fa58-18fa-916629dafe78
A52-4D,9ebd57cc-de3b-fe94-0420-0dfe3216daea
A52-4E,acbd57cc-ddf7-cbeb-60a5-f270f8ed4801
A52-4G,b8bd57cc-df13-e981-8603-e1c76e0b5c39
A52-4H,fac50407-ab0e-db35-6f31-71a2828d698a
A52-4J,e0c50407-aaf7-81e5-90cc-37480f771cd7
